timestamp,elapsed_ms,phase,request_id,status,latency_ms,error
2026-08-17T16:40:58.381Z,33,baseline,1,200,57.051,
2026-08-17T16:40:58.490Z,142,baseline,2,200,17.986,
2026-08-17T16:40:58.557Z,209,baseline,3,200,35.426,
2026-08-17T16:40:58.641Z,293,baseline,4,200,47.425,
2026-08-17T16:40:58.752Z,404,baseline,5,200,33.474,
2026-08-17T16:40:58.801Z,453,baseline,6,200,15.247,
2026-08-17T16:40:58.870Z,522,baseline,7,200,21.402,
2026-08-17T16:40:58.944Z,596,baseline,8,200,39.126,
2026-08-17T16:40:59.039Z,691,baseline,9,200,44.662,
2026-08-17T16:40:59.109Z,761,baseline,10,200,18.182,
2026-08-17T16:40:59.228Z,880,baseline,11,200,14.536,
2026-08-17T16:40:59.304Z,956,baseline,12,200,13.651,
2026-08-17T16:40:59.380Z,1032,baseline,13,200,14.666,
2026-08-17T16:40:59.473Z,1125,baseline,14,200,19.853,
2026-08-17T16:40:59.542Z,1194,baseline,15,200,44.426,
2026-08-17T16:40:59.608Z,1260,baseline,16,200,13.678,
2026-08-17T16:40:59.712Z,1364,baseline,17,200,17.489,
2026-08-17T16:40:59.777Z,1429,baseline,18,200,13.149,
2026-08-17T16:40:59.907Z,1559,baseline,19,200,14.945,
2026-08-17T16:40:59.978Z,1630,baseline,20,200,14.633,
2026-08-17T16:41:00.032Z,1684,baseline,21,200,14.987,
2026-08-17T16:41:00.117Z,1769,baseline,22,200,12.733,
2026-08-17T16:41:00.256Z,1908,baseline,23,200,13.106,
2026-08-17T16:41:00.318Z,1970,baseline,24,200,14.157,
2026-08-17T16:41:00.415Z,2067,baseline,25,200,12.879,
2026-08-17T16:41:00.459Z,2111,baseline,26,200,31.337,
2026-08-17T16:41:00.534Z,2186,baseline,27,200,12.531,
2026-08-17T16:41:00.618Z,2270,baseline,28,200,17.765,
2026-08-17T16:41:00.712Z,2364,baseline,29,200,15.438,
2026-08-17T16:41:00.789Z,2441,baseline,30,200,14.810,
2026-08-17T16:41:00.874Z,2526,baseline,31,200,17.747,
2026-08-17T16:41:01.001Z,2653,baseline,32,200,13.621,
2026-08-17T16:41:01.089Z,2741,baseline,33,200,13.552,
2026-08-17T16:41:01.140Z,2792,baseline,34,200,47.646,
2026-08-17T16:41:01.246Z,2898,baseline,35,200,13.173,
2026-08-17T16:41:01.280Z,2932,baseline,36,200,12.695,
2026-08-17T16:41:01.379Z,3031,baseline,37,200,10.387,
2026-08-17T16:41:01.450Z,3102,baseline,38,200,32.584,
2026-08-17T16:41:01.584Z,3236,baseline,39,200,10.340,
2026-08-17T16:41:01.620Z,3272,baseline,40,200,10.112,
2026-08-17T16:41:01.739Z,3391,baseline,41,200,10.746,
2026-08-17T16:41:01.795Z,3447,baseline,42,200,11.912,
2026-08-17T16:41:01.879Z,3531,baseline,43,200,13.273,
2026-08-17T16:41:01.942Z,3594,baseline,44,200,10.734,
2026-08-17T16:41:02.055Z,3707,baseline,45,200,13.663,
2026-08-17T16:41:02.142Z,3794,baseline,46,200,14.125,
2026-08-17T16:41:02.230Z,3882,baseline,47,200,13.848,
2026-08-17T16:41:02.284Z,3936,baseline,48,200,15.596,
2026-08-17T16:41:02.401Z,4053,baseline,49,200,27.864,
2026-08-17T16:41:02.453Z,4105,baseline,50,200,15.413,
2026-08-17T16:41:02.568Z,4220,baseline,51,200,15.075,
2026-08-17T16:41:02.633Z,4285,baseline,52,200,25.873,
2026-08-17T16:41:02.696Z,4348,baseline,53,200,12.852,
2026-08-17T16:41:02.780Z,4432,baseline,54,200,13.915,
2026-08-17T16:41:02.917Z,4569,baseline,55,200,17.028,
2026-08-17T16:41:02.992Z,4644,baseline,56,200,15.202,
2026-08-17T16:41:03.030Z,4682,baseline,57,200,11.754,
2026-08-17T16:41:03.152Z,4804,baseline,58,200,13.710,
2026-08-17T16:41:03.253Z,4905,baseline,59,200,11.146,
2026-08-17T16:41:03.311Z,4963,baseline,60,200,11.113,
2026-08-17T16:41:03.379Z,5031,baseline,61,200,14.556,
2026-08-17T16:41:03.487Z,5139,baseline,62,200,13.774,
2026-08-17T16:41:03.559Z,5211,baseline,63,200,16.228,
2026-08-17T16:41:03.633Z,5285,baseline,64,200,17.460,
2026-08-17T16:41:03.741Z,5393,baseline,65,200,16.104,
2026-08-17T16:41:03.837Z,5489,baseline,66,200,16.551,
2026-08-17T16:41:03.909Z,5561,baseline,67,200,16.249,
2026-08-17T16:41:03.955Z,5607,baseline,68,200,14.657,
2026-08-17T16:41:04.045Z,5697,baseline,69,200,25.083,
2026-08-17T16:41:04.166Z,5818,baseline,70,200,19.915,
2026-08-17T16:41:04.224Z,5876,baseline,71,200,15.566,
2026-08-17T16:41:04.317Z,5969,baseline,72,200,14.222,
2026-08-17T16:41:04.365Z,6017,baseline,73,200,14.335,
2026-08-17T16:41:04.490Z,6142,baseline,74,200,24.636,
2026-08-17T16:41:04.566Z,6218,baseline,75,200,10.854,
2026-08-17T16:41:04.619Z,6271,baseline,76,200,10.772,
2026-08-17T16:41:04.695Z,6347,baseline,77,200,10.732,
2026-08-17T16:41:04.820Z,6472,baseline,78,200,8.558,
2026-08-17T16:41:04.887Z,6539,baseline,79,200,9.445,
2026-08-17T16:41:04.950Z,6602,baseline,80,200,9.766,
2026-08-17T16:41:05.045Z,6697,baseline,81,200,10.652,
2026-08-17T16:41:05.138Z,6790,baseline,82,200,19.429,
2026-08-17T16:41:05.228Z,6880,baseline,83,200,13.872,
2026-08-17T16:41:05.310Z,6962,baseline,84,200,16.659,
2026-08-17T16:41:05.414Z,7066,baseline,85,200,20.140,
2026-08-17T16:41:05.491Z,7143,baseline,86,200,17.625,
2026-08-17T16:41:05.584Z,7236,baseline,87,200,18.243,
2026-08-17T16:41:05.668Z,7320,baseline,88,200,10.164,
2026-08-17T16:41:05.718Z,7370,baseline,89,200,12.276,
2026-08-17T16:41:05.833Z,7485,baseline,90,200,13.203,
2026-08-17T16:41:05.906Z,7558,baseline,91,200,13.537,
2026-08-17T16:41:06.002Z,7654,baseline,92,200,18.764,
2026-08-17T16:41:06.031Z,7683,baseline,93,200,11.641,
2026-08-17T16:41:06.149Z,7801,baseline,94,200,15.113,
2026-08-17T16:41:06.244Z,7896,baseline,95,200,15.135,
2026-08-17T16:41:06.322Z,7974,baseline,96,200,12.837,
2026-08-17T16:41:06.397Z,8049,baseline,97,200,11.935,
2026-08-17T16:41:06.488Z,8140,baseline,98,200,16.200,
2026-08-17T16:41:06.534Z,8186,baseline,99,200,12.630,
2026-08-17T16:41:06.637Z,8289,baseline,100,200,30.396,
2026-08-17T16:41:06.690Z,8342,baseline,101,200,15.472,
2026-08-17T16:41:06.817Z,8469,baseline,102,200,21.503,
2026-08-17T16:41:06.922Z,8574,baseline,103,200,21.929,
2026-08-17T16:41:06.957Z,8609,baseline,104,200,11.256,
2026-08-17T16:41:07.059Z,8711,baseline,105,200,10.869,
2026-08-17T16:41:07.171Z,8823,baseline,106,200,18.015,
2026-08-17T16:41:07.221Z,8873,baseline,107,200,10.912,
2026-08-17T16:41:07.300Z,8952,baseline,108,200,23.787,
2026-08-17T16:41:07.393Z,9045,baseline,109,200,13.704,
2026-08-17T16:41:07.499Z,9151,baseline,110,200,13.255,
2026-08-17T16:41:07.550Z,9202,baseline,111,200,10.973,
2026-08-17T16:41:07.672Z,9324,baseline,112,200,19.846,
2026-08-17T16:41:07.732Z,9384,baseline,113,200,13.319,
2026-08-17T16:41:07.787Z,9439,baseline,114,200,11.636,
2026-08-17T16:41:07.897Z,9549,baseline,115,200,11.059,
2026-08-17T16:41:08.001Z,9653,baseline,116,200,11.706,
2026-08-17T16:41:08.031Z,9683,baseline,117,200,9.221,
2026-08-17T16:41:08.142Z,9794,baseline,118,200,13.972,
2026-08-17T16:41:08.207Z,9859,baseline,119,200,19.236,
2026-08-17T16:41:08.333Z,9985,baseline,120,200,22.243,
2026-08-17T16:41:08.398Z,10050,baseline,121,200,11.143,
2026-08-17T16:41:08.473Z,10125,baseline,122,200,13.013,
2026-08-17T16:41:08.585Z,10237,baseline,123,200,19.765,
2026-08-17T16:41:08.632Z,10284,baseline,124,200,10.813,
2026-08-17T16:41:08.743Z,10395,baseline,125,200,16.493,
2026-08-17T16:41:08.812Z,10464,baseline,126,200,13.239,
2026-08-17T16:41:08.872Z,10524,baseline,127,200,18.051,
2026-08-17T16:41:08.948Z,10600,baseline,128,200,12.758,
2026-08-17T16:41:09.076Z,10728,baseline,129,200,18.547,
2026-08-17T16:41:09.129Z,10781,baseline,130,200,16.921,
2026-08-17T16:41:09.249Z,10901,baseline,131,200,22.913,
2026-08-17T16:41:09.312Z,10964,baseline,132,200,16.454,
2026-08-17T16:41:09.364Z,11016,baseline,133,200,13.800,
2026-08-17T16:41:09.489Z,11141,baseline,134,200,13.203,
2026-08-17T16:41:09.545Z,11197,baseline,135,200,11.313,
2026-08-17T16:41:09.623Z,11275,baseline,136,200,20.260,
2026-08-17T16:41:09.750Z,11402,baseline,137,200,24.911,
2026-08-17T16:41:09.782Z,11434,baseline,138,200,11.851,
2026-08-17T16:41:09.872Z,11524,baseline,139,200,13.048,
2026-08-17T16:41:09.996Z,11648,baseline,140,200,22.383,
2026-08-17T16:41:10.041Z,11693,baseline,141,200,12.718,
2026-08-17T16:41:10.159Z,11811,baseline,142,200,14.463,
2026-08-17T16:41:10.237Z,11889,baseline,143,200,18.125,
2026-08-17T16:41:10.311Z,11963,baseline,144,200,12.436,
2026-08-17T16:41:10.357Z,12009,morning-rise,145,200,11.648,
2026-08-17T16:41:10.386Z,12038,morning-rise,146,200,10.853,
2026-08-17T16:41:10.412Z,12064,morning-rise,147,200,9.687,
2026-08-17T16:41:10.429Z,12081,morning-rise,148,200,11.000,
2026-08-17T16:41:10.441Z,12093,morning-rise,149,200,9.133,
2026-08-17T16:41:10.465Z,12117,morning-rise,150,200,9.038,
2026-08-17T16:41:10.492Z,12144,morning-rise,151,200,9.399,
2026-08-17T16:41:10.523Z,12175,morning-rise,152,200,9.316,
2026-08-17T16:41:10.532Z,12184,morning-rise,153,200,13.434,
2026-08-17T16:41:10.564Z,12216,morning-rise,154,200,11.022,
2026-08-17T16:41:10.580Z,12232,morning-rise,155,200,10.233,
2026-08-17T16:41:10.606Z,12258,morning-rise,156,200,9.975,
2026-08-17T16:41:10.630Z,12282,morning-rise,157,200,10.825,
2026-08-17T16:41:10.654Z,12306,morning-rise,158,200,13.273,
2026-08-17T16:41:10.674Z,12326,morning-rise,159,200,9.294,
2026-08-17T16:41:10.696Z,12348,morning-rise,160,200,8.986,
2026-08-17T16:41:10.706Z,12358,morning-rise,161,200,9.030,
2026-08-17T16:41:10.738Z,12390,morning-rise,162,200,7.606,
2026-08-17T16:41:10.766Z,12418,morning-rise,163,200,9.992,
2026-08-17T16:41:10.783Z,12435,morning-rise,164,200,9.395,
2026-08-17T16:41:10.795Z,12447,morning-rise,165,200,10.132,
2026-08-17T16:41:10.831Z,12483,morning-rise,166,200,10.228,
2026-08-17T16:41:10.840Z,12492,morning-rise,167,200,9.208,
2026-08-17T16:41:10.869Z,12521,morning-rise,168,200,8.624,
2026-08-17T16:41:10.883Z,12535,morning-rise,169,200,8.653,
2026-08-17T16:41:10.907Z,12559,morning-rise,170,200,8.950,
2026-08-17T16:41:10.945Z,12597,morning-rise,171,200,8.582,
2026-08-17T16:41:10.956Z,12608,morning-rise,172,200,7.584,
2026-08-17T16:41:10.989Z,12641,morning-rise,173,200,8.444,
2026-08-17T16:41:11.012Z,12664,morning-rise,174,200,8.068,
2026-08-17T16:41:11.024Z,12676,morning-rise,175,200,7.615,
2026-08-17T16:41:11.054Z,12706,morning-rise,176,200,8.178,
2026-08-17T16:41:11.072Z,12724,morning-rise,177,200,9.578,
2026-08-17T16:41:11.094Z,12746,morning-rise,178,200,10.336,
2026-08-17T16:41:11.120Z,12772,morning-rise,179,200,10.354,
2026-08-17T16:41:11.130Z,12782,morning-rise,180,200,12.025,
2026-08-17T16:41:11.166Z,12818,morning-rise,181,200,8.484,
2026-08-17T16:41:11.186Z,12838,morning-rise,182,200,8.787,
2026-08-17T16:41:11.203Z,12855,morning-rise,183,200,9.874,
2026-08-17T16:41:11.231Z,12883,morning-rise,184,200,10.070,
2026-08-17T16:41:11.240Z,12892,morning-rise,185,200,7.678,
2026-08-17T16:41:11.271Z,12923,morning-rise,186,200,9.004,
2026-08-17T16:41:11.300Z,12952,morning-rise,187,200,9.374,
2026-08-17T16:41:11.307Z,12959,morning-rise,188,200,8.452,
2026-08-17T16:41:11.332Z,12984,morning-rise,189,200,8.199,
2026-08-17T16:41:11.366Z,13018,morning-rise,190,200,21.112,
2026-08-17T16:41:11.387Z,13039,morning-rise,191,200,7.332,
2026-08-17T16:41:11.408Z,13060,morning-rise,192,200,9.643,
2026-08-17T16:41:11.425Z,13077,morning-rise,193,200,9.957,
2026-08-17T16:41:11.440Z,13092,morning-rise,194,200,8.446,
2026-08-17T16:41:11.462Z,13114,morning-rise,195,200,8.491,
2026-08-17T16:41:11.496Z,13148,morning-rise,196,200,8.778,
2026-08-17T16:41:11.520Z,13172,morning-rise,197,200,9.125,
2026-08-17T16:41:11.543Z,13195,morning-rise,198,200,9.142,
2026-08-17T16:41:11.567Z,13219,morning-rise,199,200,9.895,
2026-08-17T16:41:11.588Z,13240,morning-rise,200,200,9.562,
2026-08-17T16:41:11.608Z,13260,morning-rise,201,200,8.671,
2026-08-17T16:41:11.616Z,13268,morning-rise,202,200,7.621,
2026-08-17T16:41:11.640Z,13292,morning-rise,203,200,8.409,
2026-08-17T16:41:11.670Z,13322,morning-rise,204,200,7.955,
2026-08-17T16:41:11.687Z,13339,morning-rise,205,200,8.158,
2026-08-17T16:41:11.719Z,13371,morning-rise,206,200,10.865,
2026-08-17T16:41:11.736Z,13388,morning-rise,207,200,6.744,
2026-08-17T16:41:11.762Z,13414,morning-rise,208,200,8.754,
2026-08-17T16:41:11.790Z,13442,morning-rise,209,200,9.296,
2026-08-17T16:41:11.802Z,13454,morning-rise,210,200,7.731,
2026-08-17T16:41:11.820Z,13472,morning-rise,211,200,7.198,
2026-08-17T16:41:11.855Z,13507,morning-rise,212,200,7.862,
2026-08-17T16:41:11.863Z,13515,morning-rise,213,200,7.852,
2026-08-17T16:41:11.895Z,13547,morning-rise,214,200,7.912,
2026-08-17T16:41:11.908Z,13560,morning-rise,215,200,7.244,
2026-08-17T16:41:11.939Z,13591,morning-rise,216,200,7.651,
2026-08-17T16:41:11.956Z,13608,morning-rise,217,200,7.360,
2026-08-17T16:41:11.975Z,13627,morning-rise,218,200,8.181,
2026-08-17T16:41:11.999Z,13651,morning-rise,219,200,7.491,
2026-08-17T16:41:12.018Z,13670,morning-rise,220,200,8.118,
2026-08-17T16:41:12.056Z,13708,morning-rise,221,200,7.677,
2026-08-17T16:41:12.069Z,13721,morning-rise,222,200,9.434,
2026-08-17T16:41:12.089Z,13741,morning-rise,223,200,9.213,
2026-08-17T16:41:12.109Z,13761,morning-rise,224,200,8.717,
2026-08-17T16:41:12.135Z,13787,morning-rise,225,200,7.658,
2026-08-17T16:41:12.165Z,13817,morning-rise,226,200,8.316,
2026-08-17T16:41:12.178Z,13830,morning-rise,227,200,7.095,
2026-08-17T16:41:12.202Z,13854,morning-rise,228,200,8.521,
2026-08-17T16:41:12.218Z,13870,morning-rise,229,200,7.766,
2026-08-17T16:41:12.241Z,13893,morning-rise,230,200,8.029,
2026-08-17T16:41:12.276Z,13928,morning-rise,231,200,7.951,
2026-08-17T16:41:12.288Z,13940,morning-rise,232,200,7.566,
2026-08-17T16:41:12.317Z,13969,morning-rise,233,200,11.990,
2026-08-17T16:41:12.329Z,13981,morning-rise,234,200,7.831,
2026-08-17T16:41:12.361Z,14013,morning-rise,235,200,8.824,
2026-08-17T16:41:12.382Z,14034,morning-rise,236,200,8.734,
2026-08-17T16:41:12.394Z,14046,morning-rise,237,200,7.811,
2026-08-17T16:41:12.424Z,14076,morning-rise,238,200,8.950,
2026-08-17T16:41:12.443Z,14095,morning-rise,239,200,7.461,
2026-08-17T16:41:12.476Z,14128,morning-rise,240,200,8.330,
2026-08-17T16:41:12.488Z,14140,morning-rise,241,200,7.116,
2026-08-17T16:41:12.518Z,14170,morning-rise,242,200,8.204,
2026-08-17T16:41:12.538Z,14190,morning-rise,243,200,7.837,
2026-08-17T16:41:12.561Z,14213,morning-rise,244,200,7.510,
2026-08-17T16:41:12.586Z,14238,morning-rise,245,200,8.393,
2026-08-17T16:41:12.605Z,14257,morning-rise,246,200,8.502,
2026-08-17T16:41:12.616Z,14268,morning-rise,247,200,7.250,
2026-08-17T16:41:12.656Z,14308,morning-rise,248,200,9.579,
2026-08-17T16:41:12.668Z,14320,morning-rise,249,200,6.770,
2026-08-17T16:41:12.694Z,14346,morning-rise,250,200,8.154,
2026-08-17T16:41:12.723Z,14375,morning-rise,251,200,7.370,
2026-08-17T16:41:12.733Z,14385,morning-rise,252,200,6.472,
2026-08-17T16:41:12.761Z,14413,morning-rise,253,200,7.005,
2026-08-17T16:41:12.783Z,14435,morning-rise,254,200,6.817,
2026-08-17T16:41:12.796Z,14448,morning-rise,255,200,6.178,
2026-08-17T16:41:12.819Z,14471,morning-rise,256,200,7.154,
2026-08-17T16:41:12.854Z,14506,morning-rise,257,200,7.230,
2026-08-17T16:41:12.873Z,14525,morning-rise,258,200,7.759,
2026-08-17T16:41:12.895Z,14547,morning-rise,259,200,9.765,
2026-08-17T16:41:12.909Z,14561,morning-rise,260,200,6.633,
2026-08-17T16:41:12.931Z,14583,morning-rise,261,200,7.219,
2026-08-17T16:41:12.956Z,14608,morning-rise,262,200,6.840,
2026-08-17T16:41:12.972Z,14624,morning-rise,263,200,8.617,
2026-08-17T16:41:13.005Z,14657,morning-rise,264,200,8.723,
2026-08-17T16:41:13.021Z,14673,morning-rise,265,200,7.799,
2026-08-17T16:41:13.051Z,14703,morning-rise,266,200,8.661,
2026-08-17T16:41:13.065Z,14717,morning-rise,267,200,10.720,
2026-08-17T16:41:13.091Z,14743,morning-rise,268,200,9.167,
2026-08-17T16:41:13.113Z,14765,morning-rise,269,200,8.300,
2026-08-17T16:41:13.129Z,14781,morning-rise,270,200,10.084,
2026-08-17T16:41:13.155Z,14807,morning-rise,271,200,8.122,
2026-08-17T16:41:13.174Z,14826,morning-rise,272,200,7.731,
2026-08-17T16:41:13.210Z,14862,morning-rise,273,200,7.917,
2026-08-17T16:41:13.220Z,14872,morning-rise,274,200,7.294,
2026-08-17T16:41:13.256Z,14908,morning-rise,275,200,9.376,
2026-08-17T16:41:13.268Z,14920,morning-rise,276,200,7.459,
2026-08-17T16:41:13.300Z,14952,morning-rise,277,200,8.128,
2026-08-17T16:41:13.318Z,14970,morning-rise,278,200,7.749,
2026-08-17T16:41:13.338Z,14990,morning-rise,279,200,7.699,
2026-08-17T16:41:13.366Z,15018,morning-rise,280,200,9.710,
2026-08-17T16:41:13.382Z,15034,morning-rise,281,200,9.166,
2026-08-17T16:41:13.400Z,15052,morning-rise,282,200,8.362,
2026-08-17T16:41:13.418Z,15070,morning-rise,283,200,7.860,
2026-08-17T16:41:13.446Z,15098,morning-rise,284,200,7.615,
2026-08-17T16:41:13.461Z,15113,morning-rise,285,200,7.898,
2026-08-17T16:41:13.499Z,15151,morning-rise,286,200,11.405,
2026-08-17T16:41:13.510Z,15162,morning-rise,287,200,7.961,
2026-08-17T16:41:13.535Z,15187,morning-rise,288,200,8.672,
2026-08-17T16:41:13.552Z,15204,morning-rise,289,200,7.600,
2026-08-17T16:41:13.584Z,15236,morning-rise,290,200,8.292,
2026-08-17T16:41:13.594Z,15246,morning-rise,291,200,7.580,
2026-08-17T16:41:13.632Z,15284,morning-rise,292,200,9.913,
2026-08-17T16:41:13.656Z,15308,morning-rise,293,200,8.295,
2026-08-17T16:41:13.668Z,15320,morning-rise,294,200,7.722,
2026-08-17T16:41:13.700Z,15352,morning-rise,295,200,7.650,
2026-08-17T16:41:13.716Z,15368,morning-rise,296,200,8.304,
2026-08-17T16:41:13.744Z,15396,morning-rise,297,200,8.516,
2026-08-17T16:41:13.765Z,15417,morning-rise,298,200,7.332,
2026-08-17T16:41:13.785Z,15437,morning-rise,299,200,7.178,
2026-08-17T16:41:13.810Z,15462,morning-rise,300,200,8.391,
2026-08-17T16:41:13.826Z,15478,morning-rise,301,200,7.642,
2026-08-17T16:41:13.846Z,15498,morning-rise,302,200,8.162,
2026-08-17T16:41:13.872Z,15524,morning-rise,303,200,8.086,
2026-08-17T16:41:13.885Z,15537,morning-rise,304,200,8.617,
2026-08-17T16:41:13.916Z,15568,morning-rise,305,200,8.384,
2026-08-17T16:41:13.941Z,15593,morning-rise,306,200,7.774,
2026-08-17T16:41:13.959Z,15611,morning-rise,307,200,8.539,
2026-08-17T16:41:13.979Z,15631,morning-rise,308,200,9.907,
2026-08-17T16:41:13.995Z,15647,morning-rise,309,200,9.385,
2026-08-17T16:41:14.020Z,15672,morning-rise,310,200,8.894,
2026-08-17T16:41:14.052Z,15704,morning-rise,311,200,10.954,
2026-08-17T16:41:14.061Z,15713,morning-rise,312,200,7.859,
2026-08-17T16:41:14.099Z,15751,morning-rise,313,200,10.938,
2026-08-17T16:41:14.117Z,15769,morning-rise,314,200,7.403,
2026-08-17T16:41:14.130Z,15782,morning-rise,315,200,7.044,
2026-08-17T16:41:14.162Z,15814,morning-rise,316,200,7.163,
2026-08-17T16:41:14.173Z,15825,morning-rise,317,200,6.028,
2026-08-17T16:41:14.195Z,15847,morning-rise,318,200,8.218,
2026-08-17T16:41:14.229Z,15881,morning-rise,319,200,7.510,
2026-08-17T16:41:14.243Z,15895,morning-rise,320,200,8.637,
2026-08-17T16:41:14.273Z,15925,morning-rise,321,200,10.009,
2026-08-17T16:41:14.298Z,15950,morning-rise,322,200,8.443,
2026-08-17T16:41:14.313Z,15965,morning-rise,323,200,7.405,
2026-08-17T16:41:14.335Z,15987,morning-rise,324,200,7.419,
2026-08-17T16:41:14.351Z,16003,morning-rise,325,200,6.986,
2026-08-17T16:41:14.385Z,16037,morning-rise,326,200,7.936,
2026-08-17T16:41:14.399Z,16051,morning-rise,327,200,7.132,
2026-08-17T16:41:14.420Z,16072,morning-rise,328,200,7.438,
2026-08-17T16:41:14.440Z,16092,morning-rise,329,200,6.966,
2026-08-17T16:41:14.465Z,16117,morning-rise,330,200,9.158,
2026-08-17T16:41:14.497Z,16149,morning-rise,331,200,8.807,
2026-08-17T16:41:14.509Z,16161,morning-rise,332,200,8.024,
2026-08-17T16:41:14.538Z,16190,morning-rise,333,200,8.350,
2026-08-17T16:41:14.552Z,16204,morning-rise,334,200,8.562,
2026-08-17T16:41:14.573Z,16225,morning-rise,335,200,10.345,
2026-08-17T16:41:14.606Z,16258,morning-rise,336,200,8.855,
2026-08-17T16:41:14.622Z,16274,morning-rise,337,200,9.645,
2026-08-17T16:41:14.642Z,16294,morning-rise,338,200,8.341,
2026-08-17T16:41:14.674Z,16326,morning-rise,339,200,12.680,
2026-08-17T16:41:14.696Z,16348,morning-rise,340,200,8.067,
2026-08-17T16:41:14.709Z,16361,morning-rise,341,200,8.276,
2026-08-17T16:41:14.744Z,16396,morning-rise,342,200,7.079,
2026-08-17T16:41:14.761Z,16413,morning-rise,343,200,6.647,
2026-08-17T16:41:14.775Z,16427,morning-rise,344,200,6.681,
2026-08-17T16:41:14.801Z,16453,morning-rise,345,200,7.114,
2026-08-17T16:41:14.820Z,16472,morning-rise,346,200,6.681,
2026-08-17T16:41:14.842Z,16494,morning-rise,347,200,6.590,
2026-08-17T16:41:14.861Z,16513,morning-rise,348,200,7.449,
2026-08-17T16:41:14.884Z,16536,morning-rise,349,200,7.619,
2026-08-17T16:41:14.909Z,16561,morning-rise,350,200,7.294,
2026-08-17T16:41:14.941Z,16593,morning-rise,351,200,7.933,
2026-08-17T16:41:14.956Z,16608,morning-rise,352,200,7.307,
2026-08-17T16:41:14.984Z,16636,morning-rise,353,200,7.998,
2026-08-17T16:41:15.001Z,16653,morning-rise,354,200,7.588,
2026-08-17T16:41:15.033Z,16685,morning-rise,355,200,8.361,
2026-08-17T16:41:15.041Z,16693,morning-rise,356,200,11.505,
2026-08-17T16:41:15.076Z,16728,morning-rise,357,200,8.934,
2026-08-17T16:41:15.097Z,16749,morning-rise,358,200,7.312,
2026-08-17T16:41:15.109Z,16761,morning-rise,359,200,7.190,
2026-08-17T16:41:15.140Z,16792,morning-rise,360,200,8.939,
2026-08-17T16:41:15.164Z,16816,morning-rise,361,200,9.534,
2026-08-17T16:41:15.176Z,16828,morning-rise,362,200,6.838,
2026-08-17T16:41:15.203Z,16855,morning-rise,363,200,7.168,
2026-08-17T16:41:15.228Z,16880,morning-rise,364,200,7.576,
2026-08-17T16:41:15.244Z,16896,morning-rise,365,200,11.416,
2026-08-17T16:41:15.275Z,16927,morning-rise,366,200,8.851,
2026-08-17T16:41:15.292Z,16944,morning-rise,367,200,6.889,
2026-08-17T16:41:15.312Z,16964,morning-rise,368,200,8.475,
2026-08-17T16:41:15.339Z,16991,morning-rise,369,200,6.941,
2026-08-17T16:41:15.358Z,17010,morning-rise,370,200,7.414,
2026-08-17T16:41:15.384Z,17036,morning-rise,371,200,7.251,
2026-08-17T16:41:15.400Z,17052,morning-rise,372,200,7.264,
2026-08-17T16:41:15.423Z,17075,morning-rise,373,200,7.657,
2026-08-17T16:41:15.454Z,17106,morning-rise,374,200,7.724,
2026-08-17T16:41:15.472Z,17124,morning-rise,375,200,7.349,
2026-08-17T16:41:15.499Z,17151,morning-rise,376,200,7.412,
2026-08-17T16:41:15.521Z,17173,morning-rise,377,200,7.356,
2026-08-17T16:41:15.530Z,17182,morning-rise,378,200,7.390,
2026-08-17T16:41:15.565Z,17217,morning-rise,379,200,8.699,
2026-08-17T16:41:15.574Z,17226,morning-rise,380,200,8.857,
2026-08-17T16:41:15.597Z,17249,morning-rise,381,200,7.705,
2026-08-17T16:41:15.628Z,17280,morning-rise,382,200,8.625,
2026-08-17T16:41:15.651Z,17303,morning-rise,383,200,7.750,
2026-08-17T16:41:15.671Z,17323,morning-rise,384,200,9.267,
2026-08-17T16:41:15.692Z,17344,morning-rise,385,200,7.715,
2026-08-17T16:41:15.714Z,17366,morning-rise,386,200,8.372,
2026-08-17T16:41:15.734Z,17386,morning-rise,387,200,7.530,
2026-08-17T16:41:15.757Z,17409,morning-rise,388,200,6.694,
2026-08-17T16:41:15.789Z,17441,morning-rise,389,200,9.442,
2026-08-17T16:41:15.805Z,17457,morning-rise,390,200,8.196,
2026-08-17T16:41:15.835Z,17487,morning-rise,391,200,9.522,
2026-08-17T16:41:15.840Z,17492,morning-rise,392,200,10.762,
2026-08-17T16:41:15.866Z,17518,morning-rise,393,200,7.983,
2026-08-17T16:41:15.892Z,17544,morning-rise,394,200,7.720,
2026-08-17T16:41:15.912Z,17564,morning-rise,395,200,7.612,
2026-08-17T16:41:15.941Z,17593,morning-rise,396,200,7.727,
2026-08-17T16:41:15.966Z,17618,morning-rise,397,200,8.621,
2026-08-17T16:41:15.988Z,17640,morning-rise,398,200,7.670,
2026-08-17T16:41:15.995Z,17647,morning-rise,399,200,6.878,
2026-08-17T16:41:16.029Z,17681,morning-rise,400,200,7.375,
2026-08-17T16:41:16.044Z,17696,morning-rise,401,200,6.439,
2026-08-17T16:41:16.071Z,17723,morning-rise,402,200,7.155,
2026-08-17T16:41:16.096Z,17748,morning-rise,403,200,6.861,
2026-08-17T16:41:16.116Z,17768,morning-rise,404,200,7.264,
2026-08-17T16:41:16.143Z,17795,morning-rise,405,200,8.653,
2026-08-17T16:41:16.159Z,17811,morning-rise,406,200,7.330,
2026-08-17T16:41:16.179Z,17831,morning-rise,407,200,7.471,
2026-08-17T16:41:16.211Z,17863,morning-rise,408,200,9.417,
2026-08-17T16:41:16.220Z,17872,morning-rise,409,200,10.568,
2026-08-17T16:41:16.248Z,17900,morning-rise,410,200,9.407,
2026-08-17T16:41:16.265Z,17917,morning-rise,411,200,8.218,
2026-08-17T16:41:16.293Z,17945,morning-rise,412,200,7.935,
2026-08-17T16:41:16.321Z,17973,morning-rise,413,200,7.930,
2026-08-17T16:41:16.333Z,17985,morning-rise,414,200,11.459,
2026-08-17T16:41:16.363Z,18015,morning-rise,415,200,7.040,
2026-08-17T16:41:16.385Z,18037,morning-rise,416,200,7.083,
2026-08-17T16:41:16.412Z,18064,morning-rise,417,200,7.763,
2026-08-17T16:41:16.426Z,18078,morning-rise,418,200,8.206,
2026-08-17T16:41:16.439Z,18091,morning-rise,419,200,10.493,
2026-08-17T16:41:16.478Z,18130,morning-rise,420,200,9.837,
2026-08-17T16:41:16.484Z,18136,morning-rise,421,200,8.255,
2026-08-17T16:41:16.513Z,18165,morning-rise,422,200,8.889,
2026-08-17T16:41:16.530Z,18182,morning-rise,423,200,9.386,
2026-08-17T16:41:16.564Z,18216,morning-rise,424,200,9.910,
2026-08-17T16:41:16.579Z,18231,morning-rise,425,200,7.367,
2026-08-17T16:41:16.605Z,18257,morning-rise,426,200,8.102,
2026-08-17T16:41:16.627Z,18279,morning-rise,427,200,7.484,
2026-08-17T16:41:16.642Z,18294,morning-rise,428,200,6.969,
2026-08-17T16:41:16.670Z,18322,morning-rise,429,200,10.278,
2026-08-17T16:41:16.690Z,18342,morning-rise,430,200,7.827,
2026-08-17T16:41:16.708Z,18360,morning-rise,431,200,8.029,
2026-08-17T16:41:16.732Z,18384,morning-rise,432,200,7.894,
2026-08-17T16:41:16.765Z,18417,morning-rise,433,200,9.915,
2026-08-17T16:41:16.785Z,18437,morning-rise,434,200,9.122,
2026-08-17T16:41:16.796Z,18448,morning-rise,435,200,7.235,
2026-08-17T16:41:16.832Z,18484,morning-rise,436,200,9.445,
2026-08-17T16:41:16.853Z,18505,morning-rise,437,200,8.576,
2026-08-17T16:41:16.867Z,18519,morning-rise,438,200,8.284,
2026-08-17T16:41:16.884Z,18536,morning-rise,439,200,7.988,
2026-08-17T16:41:16.918Z,18570,morning-rise,440,200,7.584,
2026-08-17T16:41:16.930Z,18582,morning-rise,441,200,7.357,
2026-08-17T16:41:16.961Z,18613,morning-rise,442,200,8.270,
2026-08-17T16:41:16.987Z,18639,morning-rise,443,200,8.449,
2026-08-17T16:41:16.996Z,18648,morning-rise,444,200,7.093,
2026-08-17T16:41:17.028Z,18680,morning-rise,445,200,9.511,
2026-08-17T16:41:17.043Z,18695,morning-rise,446,200,7.196,
2026-08-17T16:41:17.070Z,18722,morning-rise,447,200,7.880,
2026-08-17T16:41:17.093Z,18745,morning-rise,448,200,8.647,
2026-08-17T16:41:17.111Z,18763,morning-rise,449,200,7.552,
2026-08-17T16:41:17.143Z,18795,morning-rise,450,200,8.185,
2026-08-17T16:41:17.164Z,18816,morning-rise,451,200,8.175,
2026-08-17T16:41:17.181Z,18833,morning-rise,452,200,7.279,
2026-08-17T16:41:17.198Z,18850,morning-rise,453,200,6.750,
2026-08-17T16:41:17.232Z,18884,morning-rise,454,200,8.154,
2026-08-17T16:41:17.245Z,18897,morning-rise,455,200,8.509,
2026-08-17T16:41:17.269Z,18921,morning-rise,456,200,7.447,
2026-08-17T16:41:17.286Z,18938,morning-rise,457,200,7.054,
2026-08-17T16:41:17.312Z,18964,morning-rise,458,200,8.514,
2026-08-17T16:41:17.338Z,18990,morning-rise,459,200,13.914,
2026-08-17T16:41:17.368Z,19020,morning-rise,460,200,8.908,
2026-08-17T16:41:17.382Z,19034,morning-rise,461,200,9.589,
2026-08-17T16:41:17.400Z,19052,morning-rise,462,200,8.538,
2026-08-17T16:41:17.426Z,19078,morning-rise,463,200,9.661,
2026-08-17T16:41:17.446Z,19098,morning-rise,464,200,8.208,
2026-08-17T16:41:17.473Z,19125,morning-rise,465,200,14.650,
2026-08-17T16:41:17.499Z,19151,morning-rise,466,200,8.928,
2026-08-17T16:41:17.508Z,19160,morning-rise,467,200,7.639,
2026-08-17T16:41:17.545Z,19197,morning-rise,468,200,9.630,
2026-08-17T16:41:17.564Z,19216,morning-rise,469,200,8.559,
2026-08-17T16:41:17.581Z,19233,morning-rise,470,200,8.167,
2026-08-17T16:41:17.604Z,19256,morning-rise,471,200,9.039,
2026-08-17T16:41:17.634Z,19286,morning-rise,472,200,11.444,
2026-08-17T16:41:17.640Z,19292,morning-rise,473,200,7.555,
2026-08-17T16:41:17.670Z,19322,morning-rise,474,200,10.751,
2026-08-17T16:41:17.699Z,19351,morning-rise,475,200,7.622,
2026-08-17T16:41:17.718Z,19370,morning-rise,476,200,7.835,
2026-08-17T16:41:17.730Z,19382,morning-rise,477,200,8.337,
2026-08-17T16:41:17.764Z,19416,morning-rise,478,200,8.915,
2026-08-17T16:41:17.784Z,19436,morning-rise,479,200,7.606,
2026-08-17T16:41:17.808Z,19460,morning-rise,480,200,7.550,
2026-08-17T16:41:17.819Z,19471,morning-rise,481,200,7.161,
2026-08-17T16:41:17.855Z,19507,morning-rise,482,200,7.617,
2026-08-17T16:41:17.874Z,19526,morning-rise,483,200,7.205,
2026-08-17T16:41:17.901Z,19553,morning-rise,484,200,8.126,
2026-08-17T16:41:17.908Z,19560,morning-rise,485,200,7.438,
2026-08-17T16:41:17.942Z,19594,morning-rise,486,200,7.586,
2026-08-17T16:41:17.967Z,19619,morning-rise,487,200,7.402,
2026-08-17T16:41:17.979Z,19631,morning-rise,488,200,7.652,
2026-08-17T16:41:17.997Z,19649,morning-rise,489,200,8.565,
2026-08-17T16:41:18.023Z,19675,morning-rise,490,200,7.302,
2026-08-17T16:41:18.052Z,19704,morning-rise,491,200,7.375,
2026-08-17T16:41:18.063Z,19715,morning-rise,492,200,6.689,
2026-08-17T16:41:18.091Z,19743,morning-rise,493,200,8.666,
2026-08-17T16:41:18.114Z,19766,morning-rise,494,200,6.987,
2026-08-17T16:41:18.145Z,19797,morning-rise,495,200,8.581,
2026-08-17T16:41:18.162Z,19814,morning-rise,496,200,7.560,
2026-08-17T16:41:18.189Z,19841,morning-rise,497,200,9.311,
2026-08-17T16:41:18.205Z,19857,morning-rise,498,200,9.265,
2026-08-17T16:41:18.220Z,19872,morning-rise,499,200,9.524,
2026-08-17T16:41:18.248Z,19900,morning-rise,500,200,8.276,
2026-08-17T16:41:18.266Z,19918,morning-rise,501,200,8.248,
2026-08-17T16:41:18.288Z,19940,morning-rise,502,200,8.098,
2026-08-17T16:41:18.313Z,19965,morning-rise,503,200,7.753,
2026-08-17T16:41:18.344Z,19996,morning-rise,504,200,8.259,
2026-08-17T16:41:18.360Z,20012,morning-rise,505,200,8.971,
2026-08-17T16:41:18.385Z,20037,morning-rise,506,200,9.917,
2026-08-17T16:41:18.411Z,20063,morning-rise,507,200,7.464,
2026-08-17T16:41:18.434Z,20086,morning-rise,508,200,7.803,
2026-08-17T16:41:18.443Z,20095,morning-rise,509,200,7.037,
2026-08-17T16:41:18.473Z,20125,morning-rise,510,200,8.929,
2026-08-17T16:41:18.493Z,20145,morning-rise,511,200,7.522,
2026-08-17T16:41:18.507Z,20159,morning-rise,512,200,7.746,
2026-08-17T16:41:18.534Z,20186,morning-rise,513,200,7.160,
2026-08-17T16:41:18.556Z,20208,morning-rise,514,200,6.450,
2026-08-17T16:41:18.588Z,20240,morning-rise,515,200,6.822,
2026-08-17T16:41:18.608Z,20260,morning-rise,516,200,7.427,
2026-08-17T16:41:18.625Z,20277,morning-rise,517,200,6.669,
2026-08-17T16:41:18.651Z,20303,morning-rise,518,200,7.773,
2026-08-17T16:41:18.661Z,20313,morning-rise,519,200,6.091,
2026-08-17T16:41:18.691Z,20343,morning-rise,520,200,6.600,
2026-08-17T16:41:18.707Z,20359,morning-rise,521,200,5.983,
2026-08-17T16:41:18.741Z,20393,morning-rise,522,200,8.018,
2026-08-17T16:41:18.760Z,20412,morning-rise,523,200,7.315,
2026-08-17T16:41:18.777Z,20429,morning-rise,524,200,6.974,
2026-08-17T16:41:18.796Z,20448,morning-rise,525,200,8.617,
2026-08-17T16:41:18.830Z,20482,morning-rise,526,200,7.482,
2026-08-17T16:41:18.837Z,20489,morning-rise,527,200,6.130,
2026-08-17T16:41:18.868Z,20520,morning-rise,528,200,9.359,
2026-08-17T16:41:18.901Z,20553,morning-rise,529,200,8.060,
2026-08-17T16:41:18.924Z,20576,morning-rise,530,200,8.201,
2026-08-17T16:41:18.937Z,20589,morning-rise,531,200,6.991,
2026-08-17T16:41:18.967Z,20619,morning-rise,532,200,8.335,
2026-08-17T16:41:18.978Z,20630,morning-rise,533,200,7.246,
2026-08-17T16:41:19.001Z,20653,morning-rise,534,200,8.200,
2026-08-17T16:41:19.024Z,20676,morning-rise,535,200,8.229,
2026-08-17T16:41:19.045Z,20697,morning-rise,536,200,8.303,
2026-08-17T16:41:19.077Z,20729,morning-rise,537,200,7.636,
2026-08-17T16:41:19.093Z,20745,morning-rise,538,200,7.838,
2026-08-17T16:41:19.109Z,20761,morning-rise,539,200,8.314,
2026-08-17T16:41:19.142Z,20794,morning-rise,540,200,11.614,
2026-08-17T16:41:19.150Z,20802,morning-rise,541,200,7.863,
2026-08-17T16:41:19.175Z,20827,morning-rise,542,200,9.368,
2026-08-17T16:41:19.199Z,20851,morning-rise,543,200,8.516,
2026-08-17T16:41:19.234Z,20886,morning-rise,544,200,9.369,
2026-08-17T16:41:19.246Z,20898,morning-rise,545,200,7.085,
2026-08-17T16:41:19.274Z,20926,morning-rise,546,200,7.574,
2026-08-17T16:41:19.291Z,20943,morning-rise,547,200,7.734,
2026-08-17T16:41:19.309Z,20961,morning-rise,548,200,7.728,
2026-08-17T16:41:19.330Z,20982,morning-rise,549,200,7.699,
2026-08-17T16:41:19.366Z,21018,morning-rise,550,200,10.501,
2026-08-17T16:41:19.380Z,21032,morning-rise,551,200,7.297,
2026-08-17T16:41:19.405Z,21057,morning-rise,552,200,9.765,
2026-08-17T16:41:19.427Z,21079,morning-rise,553,200,8.164,
2026-08-17T16:41:19.443Z,21095,morning-rise,554,200,7.878,
2026-08-17T16:41:19.465Z,21117,morning-rise,555,200,7.396,
2026-08-17T16:41:19.494Z,21146,morning-rise,556,200,7.879,
2026-08-17T16:41:19.520Z,21172,morning-rise,557,200,7.793,
2026-08-17T16:41:19.537Z,21189,morning-rise,558,200,7.680,
2026-08-17T16:41:19.566Z,21218,morning-rise,559,200,8.395,
2026-08-17T16:41:19.574Z,21226,morning-rise,560,200,8.454,
2026-08-17T16:41:19.607Z,21259,morning-rise,561,200,9.494,
2026-08-17T16:41:19.626Z,21278,morning-rise,562,200,9.736,
2026-08-17T16:41:19.649Z,21301,morning-rise,563,200,9.093,
2026-08-17T16:41:19.664Z,21316,morning-rise,564,200,8.222,
2026-08-17T16:41:19.694Z,21346,morning-rise,565,200,7.153,
2026-08-17T16:41:19.720Z,21372,morning-rise,566,200,7.386,
2026-08-17T16:41:19.737Z,21389,morning-rise,567,200,6.112,
2026-08-17T16:41:19.754Z,21406,morning-rise,568,200,9.464,
2026-08-17T16:41:19.778Z,21430,morning-rise,569,200,6.064,
2026-08-17T16:41:19.806Z,21458,morning-rise,570,200,6.518,
2026-08-17T16:41:19.824Z,21476,morning-rise,571,200,6.389,
2026-08-17T16:41:19.847Z,21499,morning-rise,572,200,8.005,
2026-08-17T16:41:19.869Z,21521,morning-rise,573,200,8.514,
2026-08-17T16:41:19.889Z,21541,morning-rise,574,200,7.269,
2026-08-17T16:41:19.918Z,21570,morning-rise,575,200,8.339,
2026-08-17T16:41:19.931Z,21583,morning-rise,576,200,6.440,
2026-08-17T16:41:19.952Z,21604,morning-rise,577,200,6.683,
2026-08-17T16:41:19.984Z,21636,morning-rise,578,200,8.229,
2026-08-17T16:41:20.002Z,21654,morning-rise,579,200,11.654,
2026-08-17T16:41:20.034Z,21686,morning-rise,580,200,8.724,
2026-08-17T16:41:20.055Z,21707,morning-rise,581,200,8.805,
2026-08-17T16:41:20.070Z,21722,morning-rise,582,200,7.960,
2026-08-17T16:41:20.098Z,21750,morning-rise,583,200,7.909,
2026-08-17T16:41:20.114Z,21766,morning-rise,584,200,6.910,
2026-08-17T16:41:20.145Z,21797,morning-rise,585,200,7.540,
2026-08-17T16:41:20.151Z,21803,morning-rise,586,200,7.092,
2026-08-17T16:41:20.179Z,21831,morning-rise,587,200,7.236,
2026-08-17T16:41:20.197Z,21849,morning-rise,588,200,7.792,
2026-08-17T16:41:20.221Z,21873,morning-rise,589,200,7.451,
2026-08-17T16:41:20.253Z,21905,morning-rise,590,200,9.127,
2026-08-17T16:41:20.271Z,21923,morning-rise,591,200,9.939,
2026-08-17T16:41:20.297Z,21949,morning-rise,592,200,8.109,
2026-08-17T16:41:20.312Z,21964,morning-rise,593,200,8.584,
2026-08-17T16:41:20.341Z,21993,morning-rise,594,200,8.649,
2026-08-17T16:41:20.360Z,22012,morning-rise,595,200,7.730,
2026-08-17T16:41:20.374Z,22026,morning-rise,596,200,7.125,
2026-08-17T16:41:20.398Z,22050,morning-rise,597,200,6.770,
2026-08-17T16:41:20.433Z,22085,morning-rise,598,200,8.998,
2026-08-17T16:41:20.441Z,22093,morning-rise,599,200,7.291,
2026-08-17T16:41:20.467Z,22119,morning-rise,600,200,7.273,
2026-08-17T16:41:20.500Z,22152,morning-rise,601,200,7.503,
2026-08-17T16:41:20.512Z,22164,morning-rise,602,200,6.763,
2026-08-17T16:41:20.539Z,22191,morning-rise,603,200,7.892,
2026-08-17T16:41:20.554Z,22206,morning-rise,604,200,7.121,
2026-08-17T16:41:20.586Z,22238,morning-rise,605,200,10.095,
2026-08-17T16:41:20.599Z,22251,morning-rise,606,200,7.102,
2026-08-17T16:41:20.625Z,22277,morning-rise,607,200,7.051,
2026-08-17T16:41:20.640Z,22292,morning-rise,608,200,7.730,
2026-08-17T16:41:20.672Z,22324,morning-rise,609,200,8.018,
2026-08-17T16:41:20.685Z,22337,morning-rise,610,200,10.315,
2026-08-17T16:41:20.708Z,22360,morning-rise,611,200,8.031,
2026-08-17T16:41:20.745Z,22397,morning-rise,612,200,8.080,
2026-08-17T16:41:20.751Z,22403,morning-rise,613,200,7.170,
2026-08-17T16:41:20.784Z,22436,morning-rise,614,200,9.086,
2026-08-17T16:41:20.805Z,22457,morning-rise,615,200,8.927,
2026-08-17T16:41:20.821Z,22473,morning-rise,616,200,7.585,
2026-08-17T16:41:20.851Z,22503,morning-rise,617,200,8.147,
2026-08-17T16:41:20.866Z,22518,morning-rise,618,200,7.570,
2026-08-17T16:41:20.889Z,22541,morning-rise,619,200,7.585,
2026-08-17T16:41:20.917Z,22569,morning-rise,620,200,7.809,
2026-08-17T16:41:20.940Z,22592,morning-rise,621,200,7.507,
2026-08-17T16:41:20.951Z,22603,morning-rise,622,200,7.447,
2026-08-17T16:41:20.986Z,22638,morning-rise,623,200,9.516,
2026-08-17T16:41:21.009Z,22661,morning-rise,624,200,7.702,
2026-08-17T16:41:21.026Z,22678,morning-rise,625,200,7.452,
2026-08-17T16:41:21.044Z,22696,morning-rise,626,200,7.551,
2026-08-17T16:41:21.063Z,22715,morning-rise,627,200,7.434,
2026-08-17T16:41:21.099Z,22751,morning-rise,628,200,9.278,
2026-08-17T16:41:21.108Z,22760,morning-rise,629,200,8.371,
2026-08-17T16:41:21.134Z,22786,morning-rise,630,200,9.433,
2026-08-17T16:41:21.160Z,22812,morning-rise,631,200,7.427,
2026-08-17T16:41:21.182Z,22834,morning-rise,632,200,8.936,
2026-08-17T16:41:21.211Z,22863,morning-rise,633,200,7.876,
2026-08-17T16:41:21.227Z,22879,morning-rise,634,200,7.590,
2026-08-17T16:41:21.250Z,22902,morning-rise,635,200,7.520,
2026-08-17T16:41:21.270Z,22922,morning-rise,636,200,7.638,
2026-08-17T16:41:21.293Z,22945,morning-rise,637,200,7.069,
2026-08-17T16:41:21.319Z,22971,morning-rise,638,200,6.781,
2026-08-17T16:41:21.327Z,22979,morning-rise,639,200,5.657,
2026-08-17T16:41:21.353Z,23005,morning-rise,640,200,6.784,
2026-08-17T16:41:21.378Z,23030,morning-rise,641,200,6.856,
2026-08-17T16:41:21.410Z,23062,morning-rise,642,200,7.255,
2026-08-17T16:41:21.425Z,23077,morning-rise,643,200,8.174,
2026-08-17T16:41:21.441Z,23093,morning-rise,644,200,7.528,
2026-08-17T16:41:21.472Z,23124,morning-rise,645,200,6.970,
2026-08-17T16:41:21.500Z,23152,morning-rise,646,200,11.275,
2026-08-17T16:41:21.522Z,23174,morning-rise,647,200,8.674,
2026-08-17T16:41:21.535Z,23187,morning-rise,648,200,9.840,
2026-08-17T16:41:21.564Z,23216,morning-rise,649,200,8.123,
2026-08-17T16:41:21.573Z,23225,morning-rise,650,200,8.219,
2026-08-17T16:41:21.606Z,23258,morning-rise,651,200,8.236,
2026-08-17T16:41:21.624Z,23276,morning-rise,652,200,7.410,
2026-08-17T16:41:21.657Z,23309,morning-rise,653,200,7.658,
2026-08-17T16:41:21.664Z,23316,morning-rise,654,200,7.098,
2026-08-17T16:41:21.686Z,23338,morning-rise,655,200,11.057,
2026-08-17T16:41:21.713Z,23365,morning-rise,656,200,7.977,
2026-08-17T16:41:21.730Z,23382,morning-rise,657,200,7.520,
2026-08-17T16:41:21.761Z,23413,morning-rise,658,200,8.609,
2026-08-17T16:41:21.779Z,23431,morning-rise,659,200,9.397,
2026-08-17T16:41:21.797Z,23449,morning-rise,660,200,7.850,
2026-08-17T16:41:21.833Z,23485,morning-rise,661,200,7.510,
2026-08-17T16:41:21.840Z,23492,morning-rise,662,200,6.908,
2026-08-17T16:41:21.872Z,23524,morning-rise,663,200,9.345,
2026-08-17T16:41:21.892Z,23544,morning-rise,664,200,7.825,
2026-08-17T16:41:21.922Z,23574,morning-rise,665,200,8.246,
2026-08-17T16:41:21.943Z,23595,morning-rise,666,200,7.490,
2026-08-17T16:41:21.961Z,23613,morning-rise,667,200,9.432,
2026-08-17T16:41:21.980Z,23632,morning-rise,668,200,43.478,
2026-08-17T16:41:21.997Z,23649,morning-rise,669,200,61.616,
2026-08-17T16:41:22.022Z,23674,morning-rise,670,200,49.487,
2026-08-17T16:41:22.048Z,23700,morning-rise,671,200,48.484,
2026-08-17T16:41:22.078Z,23730,morning-rise,672,200,22.430,
2026-08-17T16:41:22.090Z,23742,morning-rise,673,200,28.251,
2026-08-17T16:41:22.121Z,23773,morning-rise,674,200,22.370,
2026-08-17T16:41:22.142Z,23794,morning-rise,675,200,21.070,
2026-08-17T16:41:22.163Z,23815,morning-rise,676,200,18.523,
2026-08-17T16:41:22.177Z,23829,morning-rise,677,200,18.434,
2026-08-17T16:41:22.199Z,23851,morning-rise,678,200,18.975,
2026-08-17T16:41:22.228Z,23880,morning-rise,679,200,14.888,
2026-08-17T16:41:22.256Z,23908,morning-rise,680,200,14.487,
2026-08-17T16:41:22.270Z,23922,morning-rise,681,200,10.050,
2026-08-17T16:41:22.295Z,23947,morning-rise,682,200,7.970,
2026-08-17T16:41:22.318Z,23970,morning-rise,683,200,14.697,
2026-08-17T16:41:22.339Z,23991,morning-rise,684,200,17.814,
2026-08-17T16:41:22.356Z,24008,campaign-burst,685,200,12.490,
2026-08-17T16:41:22.364Z,24016,campaign-burst,686,200,11.427,
2026-08-17T16:41:22.373Z,24025,campaign-burst,687,200,8.795,
2026-08-17T16:41:22.381Z,24033,campaign-burst,688,200,8.864,
2026-08-17T16:41:22.390Z,24042,campaign-burst,689,200,9.874,
2026-08-17T16:41:22.398Z,24050,campaign-burst,690,200,9.065,
2026-08-17T16:41:22.411Z,24063,campaign-burst,691,200,11.099,
2026-08-17T16:41:22.413Z,24065,campaign-burst,692,200,9.105,
2026-08-17T16:41:22.428Z,24080,campaign-burst,693,200,10.209,
2026-08-17T16:41:22.434Z,24086,campaign-burst,694,200,9.379,
2026-08-17T16:41:22.443Z,24095,campaign-burst,695,200,8.621,
2026-08-17T16:41:22.449Z,24101,campaign-burst,696,200,8.929,
2026-08-17T16:41:22.457Z,24109,campaign-burst,697,200,8.823,
2026-08-17T16:41:22.468Z,24120,campaign-burst,698,200,9.611,
2026-08-17T16:41:22.479Z,24131,campaign-burst,699,200,8.441,
2026-08-17T16:41:22.489Z,24141,campaign-burst,700,200,8.174,
2026-08-17T16:41:22.495Z,24147,campaign-burst,701,200,9.262,
2026-08-17T16:41:22.507Z,24159,campaign-burst,702,200,7.736,
2026-08-17T16:41:22.518Z,24170,campaign-burst,703,200,6.982,
2026-08-17T16:41:22.526Z,24178,campaign-burst,704,200,6.551,
2026-08-17T16:41:22.537Z,24189,campaign-burst,705,200,7.955,
2026-08-17T16:41:22.540Z,24192,campaign-burst,706,200,6.628,
2026-08-17T16:41:22.551Z,24203,campaign-burst,707,200,7.513,
2026-08-17T16:41:22.559Z,24211,campaign-burst,708,200,8.215,
2026-08-17T16:41:22.567Z,24219,campaign-burst,709,200,7.309,
2026-08-17T16:41:22.583Z,24235,campaign-burst,710,200,7.103,
2026-08-17T16:41:22.588Z,24240,campaign-burst,711,200,6.776,
2026-08-17T16:41:22.595Z,24247,campaign-burst,712,200,8.001,
2026-08-17T16:41:22.609Z,24261,campaign-burst,713,200,7.666,
2026-08-17T16:41:22.616Z,24268,campaign-burst,714,200,7.073,
2026-08-17T16:41:22.621Z,24273,campaign-burst,715,200,7.199,
2026-08-17T16:41:22.631Z,24283,campaign-burst,716,200,7.443,
2026-08-17T16:41:22.644Z,24296,campaign-burst,717,200,8.978,
2026-08-17T16:41:22.650Z,24302,campaign-burst,718,200,6.734,
2026-08-17T16:41:22.659Z,24311,campaign-burst,719,200,6.715,
2026-08-17T16:41:22.674Z,24326,campaign-burst,720,200,7.560,
2026-08-17T16:41:22.681Z,24333,campaign-burst,721,200,7.196,
2026-08-17T16:41:22.691Z,24343,campaign-burst,722,200,8.582,
2026-08-17T16:41:22.695Z,24347,campaign-burst,723,200,6.410,
2026-08-17T16:41:22.710Z,24362,campaign-burst,724,200,7.070,
2026-08-17T16:41:22.718Z,24370,campaign-burst,725,200,6.135,
2026-08-17T16:41:22.722Z,24374,campaign-burst,726,200,6.644,
2026-08-17T16:41:22.735Z,24387,campaign-burst,727,200,5.594,
2026-08-17T16:41:22.743Z,24395,campaign-burst,728,200,5.106,
2026-08-17T16:41:22.753Z,24405,campaign-burst,729,200,5.435,
2026-08-17T16:41:22.759Z,24411,campaign-burst,730,200,5.215,
2026-08-17T16:41:22.773Z,24425,campaign-burst,731,200,5.301,
2026-08-17T16:41:22.779Z,24431,campaign-burst,732,200,5.385,
2026-08-17T16:41:22.791Z,24443,campaign-burst,733,200,5.785,
2026-08-17T16:41:22.799Z,24451,campaign-burst,734,200,5.602,
2026-08-17T16:41:22.808Z,24460,campaign-burst,735,200,5.444,
2026-08-17T16:41:22.818Z,24470,campaign-burst,736,200,6.010,
2026-08-17T16:41:22.827Z,24479,campaign-burst,737,200,5.986,
2026-08-17T16:41:22.836Z,24488,campaign-burst,738,200,5.606,
2026-08-17T16:41:22.847Z,24499,campaign-burst,739,200,7.124,
2026-08-17T16:41:22.851Z,24503,campaign-burst,740,200,5.927,
2026-08-17T16:41:22.861Z,24513,campaign-burst,741,200,7.009,
2026-08-17T16:41:22.869Z,24521,campaign-burst,742,200,7.122,
2026-08-17T16:41:22.884Z,24536,campaign-burst,743,200,8.001,
2026-08-17T16:41:22.886Z,24538,campaign-burst,744,200,6.997,
2026-08-17T16:41:22.897Z,24549,campaign-burst,745,200,8.854,
2026-08-17T16:41:22.910Z,24562,campaign-burst,746,200,9.591,
2026-08-17T16:41:22.913Z,24565,campaign-burst,747,200,7.901,
2026-08-17T16:41:22.924Z,24576,campaign-burst,748,200,7.014,
2026-08-17T16:41:22.932Z,24584,campaign-burst,749,200,6.639,
2026-08-17T16:41:22.947Z,24599,campaign-burst,750,200,8.530,
2026-08-17T16:41:22.955Z,24607,campaign-burst,751,200,6.563,
2026-08-17T16:41:22.964Z,24616,campaign-burst,752,200,6.164,
2026-08-17T16:41:22.971Z,24623,campaign-burst,753,200,7.575,
2026-08-17T16:41:22.980Z,24632,campaign-burst,754,200,5.702,
2026-08-17T16:41:22.989Z,24641,campaign-burst,755,200,6.047,
2026-08-17T16:41:22.997Z,24649,campaign-burst,756,200,5.508,
2026-08-17T16:41:23.004Z,24656,campaign-burst,757,200,6.457,
2026-08-17T16:41:23.020Z,24672,campaign-burst,758,200,6.299,
2026-08-17T16:41:23.024Z,24676,campaign-burst,759,200,6.898,
2026-08-17T16:41:23.030Z,24682,campaign-burst,760,200,6.368,
2026-08-17T16:41:23.043Z,24695,campaign-burst,761,200,5.787,
2026-08-17T16:41:23.050Z,24702,campaign-burst,762,200,8.439,
2026-08-17T16:41:23.060Z,24712,campaign-burst,763,200,7.302,
2026-08-17T16:41:23.067Z,24719,campaign-burst,764,200,7.868,
2026-08-17T16:41:23.080Z,24732,campaign-burst,765,200,6.670,
2026-08-17T16:41:23.091Z,24743,campaign-burst,766,200,9.119,
2026-08-17T16:41:23.100Z,24752,campaign-burst,767,200,6.077,
2026-08-17T16:41:23.107Z,24759,campaign-burst,768,200,6.586,
2026-08-17T16:41:23.113Z,24765,campaign-burst,769,200,7.020,
2026-08-17T16:41:23.128Z,24780,campaign-burst,770,200,8.715,
2026-08-17T16:41:23.131Z,24783,campaign-burst,771,200,7.144,
2026-08-17T16:41:23.146Z,24798,campaign-burst,772,200,8.770,
2026-08-17T16:41:23.151Z,24803,campaign-burst,773,200,7.009,
2026-08-17T16:41:23.162Z,24814,campaign-burst,774,200,8.609,
2026-08-17T16:41:23.171Z,24823,campaign-burst,775,200,6.630,
2026-08-17T16:41:23.177Z,24829,campaign-burst,776,200,6.345,
2026-08-17T16:41:23.188Z,24840,campaign-burst,777,200,7.795,
2026-08-17T16:41:23.197Z,24849,campaign-burst,778,200,6.864,
2026-08-17T16:41:23.207Z,24859,campaign-burst,779,200,7.829,
2026-08-17T16:41:23.217Z,24869,campaign-burst,780,200,8.058,
2026-08-17T16:41:23.227Z,24879,campaign-burst,781,200,6.155,
2026-08-17T16:41:23.237Z,24889,campaign-burst,782,200,6.426,
2026-08-17T16:41:23.242Z,24894,campaign-burst,783,200,6.720,
2026-08-17T16:41:23.255Z,24907,campaign-burst,784,200,7.049,
2026-08-17T16:41:23.257Z,24909,campaign-burst,785,200,6.065,
2026-08-17T16:41:23.272Z,24924,campaign-burst,786,200,7.180,
2026-08-17T16:41:23.280Z,24932,campaign-burst,787,200,6.476,
2026-08-17T16:41:23.291Z,24943,campaign-burst,788,200,6.318,
2026-08-17T16:41:23.294Z,24946,campaign-burst,789,200,6.185,
2026-08-17T16:41:23.306Z,24958,campaign-burst,790,200,7.130,
2026-08-17T16:41:23.316Z,24968,campaign-burst,791,200,5.697,
2026-08-17T16:41:23.327Z,24979,campaign-burst,792,200,6.032,
2026-08-17T16:41:23.332Z,24984,campaign-burst,793,200,7.471,
2026-08-17T16:41:23.347Z,24999,campaign-burst,794,200,7.605,
2026-08-17T16:41:23.354Z,25006,campaign-burst,795,200,6.115,
2026-08-17T16:41:23.359Z,25011,campaign-burst,796,200,6.510,
2026-08-17T16:41:23.374Z,25026,campaign-burst,797,200,7.435,
2026-08-17T16:41:23.376Z,25028,campaign-burst,798,200,6.108,
2026-08-17T16:41:23.384Z,25036,campaign-burst,799,200,6.537,
2026-08-17T16:41:23.396Z,25048,campaign-burst,800,200,6.247,
2026-08-17T16:41:23.406Z,25058,campaign-burst,801,200,6.153,
2026-08-17T16:41:23.417Z,25069,campaign-burst,802,200,6.148,
2026-08-17T16:41:23.428Z,25080,campaign-burst,803,200,10.310,
2026-08-17T16:41:23.438Z,25090,campaign-burst,804,200,7.219,
2026-08-17T16:41:23.441Z,25093,campaign-burst,805,200,5.904,
2026-08-17T16:41:23.455Z,25107,campaign-burst,806,200,6.847,
2026-08-17T16:41:23.462Z,25114,campaign-burst,807,200,5.816,
2026-08-17T16:41:23.472Z,25124,campaign-burst,808,200,6.123,
2026-08-17T16:41:23.478Z,25130,campaign-burst,809,200,5.191,
2026-08-17T16:41:23.491Z,25143,campaign-burst,810,200,6.361,
2026-08-17T16:41:23.501Z,25153,campaign-burst,811,200,5.546,
2026-08-17T16:41:23.510Z,25162,campaign-burst,812,200,5.841,
2026-08-17T16:41:23.512Z,25164,campaign-burst,813,200,5.337,
2026-08-17T16:41:23.527Z,25179,campaign-burst,814,200,9.916,
2026-08-17T16:41:23.533Z,25185,campaign-burst,815,200,11.111,
2026-08-17T16:41:23.544Z,25196,campaign-burst,816,200,6.561,
2026-08-17T16:41:23.553Z,25205,campaign-burst,817,200,7.316,
2026-08-17T16:41:23.565Z,25217,campaign-burst,818,200,7.641,
2026-08-17T16:41:23.572Z,25224,campaign-burst,819,200,8.031,
2026-08-17T16:41:23.580Z,25232,campaign-burst,820,200,6.505,
2026-08-17T16:41:23.586Z,25238,campaign-burst,821,200,6.361,
2026-08-17T16:41:23.594Z,25246,campaign-burst,822,200,6.208,
2026-08-17T16:41:23.606Z,25258,campaign-burst,823,200,6.463,
2026-08-17T16:41:23.615Z,25267,campaign-burst,824,200,6.447,
2026-08-17T16:41:23.627Z,25279,campaign-burst,825,200,5.472,
2026-08-17T16:41:23.636Z,25288,campaign-burst,826,200,5.044,
2026-08-17T16:41:23.645Z,25297,campaign-burst,827,200,5.141,
2026-08-17T16:41:23.653Z,25305,campaign-burst,828,200,4.829,
2026-08-17T16:41:23.663Z,25315,campaign-burst,829,200,5.982,
2026-08-17T16:41:23.666Z,25318,campaign-burst,830,200,5.343,
2026-08-17T16:41:23.680Z,25332,campaign-burst,831,200,5.921,
2026-08-17T16:41:23.691Z,25343,campaign-burst,832,200,7.773,
2026-08-17T16:41:23.699Z,25351,campaign-burst,833,200,6.296,
2026-08-17T16:41:23.709Z,25361,campaign-burst,834,200,5.870,
2026-08-17T16:41:23.717Z,25369,campaign-burst,835,200,5.645,
2026-08-17T16:41:23.726Z,25378,campaign-burst,836,200,7.529,
2026-08-17T16:41:23.732Z,25384,campaign-burst,837,200,6.635,
2026-08-17T16:41:23.743Z,25395,campaign-burst,838,200,5.517,
2026-08-17T16:41:23.750Z,25402,campaign-burst,839,200,5.783,
2026-08-17T16:41:23.761Z,25413,campaign-burst,840,200,5.976,
2026-08-17T16:41:23.770Z,25422,campaign-burst,841,200,5.446,
2026-08-17T16:41:23.779Z,25431,campaign-burst,842,200,5.992,
2026-08-17T16:41:23.788Z,25440,campaign-burst,843,200,6.292,
2026-08-17T16:41:23.798Z,25450,campaign-burst,844,200,10.998,
2026-08-17T16:41:23.805Z,25457,campaign-burst,845,200,7.146,
2026-08-17T16:41:23.818Z,25470,campaign-burst,846,200,8.621,
2026-08-17T16:41:23.826Z,25478,campaign-burst,847,200,6.542,
2026-08-17T16:41:23.830Z,25482,campaign-burst,848,200,6.442,
2026-08-17T16:41:23.839Z,25491,campaign-burst,849,200,6.711,
2026-08-17T16:41:23.853Z,25505,campaign-burst,850,200,7.179,
2026-08-17T16:41:23.859Z,25511,campaign-burst,851,200,6.602,
2026-08-17T16:41:23.868Z,25520,campaign-burst,852,200,6.374,
2026-08-17T16:41:23.877Z,25529,campaign-burst,853,200,6.747,
2026-08-17T16:41:23.891Z,25543,campaign-burst,854,200,5.759,
2026-08-17T16:41:23.896Z,25548,campaign-burst,855,200,5.021,
2026-08-17T16:41:23.904Z,25556,campaign-burst,856,200,5.245,
2026-08-17T16:41:23.918Z,25570,campaign-burst,857,200,6.241,
2026-08-17T16:41:23.925Z,25577,campaign-burst,858,200,5.361,
2026-08-17T16:41:23.931Z,25583,campaign-burst,859,200,5.210,
2026-08-17T16:41:23.942Z,25594,campaign-burst,860,200,6.295,
2026-08-17T16:41:23.955Z,25607,campaign-burst,861,200,5.861,
2026-08-17T16:41:23.959Z,25611,campaign-burst,862,200,5.606,
2026-08-17T16:41:23.967Z,25619,campaign-burst,863,200,5.244,
2026-08-17T16:41:23.981Z,25633,campaign-burst,864,200,5.400,
2026-08-17T16:41:23.992Z,25644,campaign-burst,865,200,5.923,
2026-08-17T16:41:23.995Z,25647,campaign-burst,866,200,6.249,
2026-08-17T16:41:24.009Z,25661,campaign-burst,867,200,6.614,
2026-08-17T16:41:24.016Z,25668,campaign-burst,868,200,5.844,
2026-08-17T16:41:24.022Z,25674,campaign-burst,869,200,5.221,
2026-08-17T16:41:24.035Z,25687,campaign-burst,870,200,8.823,
2026-08-17T16:41:24.047Z,25699,campaign-burst,871,200,7.826,
2026-08-17T16:41:24.054Z,25706,campaign-burst,872,200,7.446,
2026-08-17T16:41:24.062Z,25714,campaign-burst,873,200,8.405,
2026-08-17T16:41:24.069Z,25721,campaign-burst,874,200,6.600,
2026-08-17T16:41:24.076Z,25728,campaign-burst,875,200,6.301,
2026-08-17T16:41:24.087Z,25739,campaign-burst,876,200,6.023,
2026-08-17T16:41:24.096Z,25748,campaign-burst,877,200,5.870,
2026-08-17T16:41:24.109Z,25761,campaign-burst,878,200,6.020,
2026-08-17T16:41:24.114Z,25766,campaign-burst,879,200,5.735,
2026-08-17T16:41:24.123Z,25775,campaign-burst,880,200,5.649,
2026-08-17T16:41:24.137Z,25789,campaign-burst,881,200,6.913,
2026-08-17T16:41:24.147Z,25799,campaign-burst,882,200,8.442,
2026-08-17T16:41:24.155Z,25807,campaign-burst,883,200,6.635,
2026-08-17T16:41:24.162Z,25814,campaign-burst,884,200,5.951,
2026-08-17T16:41:24.174Z,25826,campaign-burst,885,200,5.922,
2026-08-17T16:41:24.175Z,25827,campaign-burst,886,200,5.909,
2026-08-17T16:41:24.192Z,25844,campaign-burst,887,200,5.859,
2026-08-17T16:41:24.199Z,25851,campaign-burst,888,200,5.000,
2026-08-17T16:41:24.204Z,25856,campaign-burst,889,200,4.911,
2026-08-17T16:41:24.212Z,25864,campaign-burst,890,200,5.936,
2026-08-17T16:41:24.225Z,25877,campaign-burst,891,200,5.990,
2026-08-17T16:41:24.233Z,25885,campaign-burst,892,200,5.019,
2026-08-17T16:41:24.242Z,25894,campaign-burst,893,200,6.721,
2026-08-17T16:41:24.251Z,25903,campaign-burst,894,200,5.700,
2026-08-17T16:41:24.260Z,25912,campaign-burst,895,200,5.861,
2026-08-17T16:41:24.272Z,25924,campaign-burst,896,200,5.724,
2026-08-17T16:41:24.283Z,25935,campaign-burst,897,200,6.264,
2026-08-17T16:41:24.290Z,25942,campaign-burst,898,200,5.748,
2026-08-17T16:41:24.295Z,25947,campaign-burst,899,200,5.476,
2026-08-17T16:41:24.305Z,25957,campaign-burst,900,200,7.779,
2026-08-17T16:41:24.317Z,25969,campaign-burst,901,200,5.890,
2026-08-17T16:41:24.322Z,25974,campaign-burst,902,200,5.989,
2026-08-17T16:41:24.331Z,25983,campaign-burst,903,200,6.851,
2026-08-17T16:41:24.340Z,25992,campaign-burst,904,200,5.553,
2026-08-17T16:41:24.349Z,26001,campaign-burst,905,200,5.371,
2026-08-17T16:41:24.358Z,26010,campaign-burst,906,200,4.791,
2026-08-17T16:41:24.368Z,26020,campaign-burst,907,200,5.325,
2026-08-17T16:41:24.380Z,26032,campaign-burst,908,200,5.061,
2026-08-17T16:41:24.392Z,26044,campaign-burst,909,200,5.950,
2026-08-17T16:41:24.394Z,26046,campaign-burst,910,200,5.813,
2026-08-17T16:41:24.403Z,26055,campaign-burst,911,200,5.435,
2026-08-17T16:41:24.417Z,26069,campaign-burst,912,200,6.736,
2026-08-17T16:41:24.423Z,26075,campaign-burst,913,200,6.279,
2026-08-17T16:41:24.432Z,26084,campaign-burst,914,200,5.749,
2026-08-17T16:41:24.441Z,26093,campaign-burst,915,200,7.628,
2026-08-17T16:41:24.455Z,26107,campaign-burst,916,200,7.041,
2026-08-17T16:41:24.458Z,26110,campaign-burst,917,200,6.417,
2026-08-17T16:41:24.468Z,26120,campaign-burst,918,200,5.972,
2026-08-17T16:41:24.477Z,26129,campaign-burst,919,200,7.036,
2026-08-17T16:41:24.487Z,26139,campaign-burst,920,200,5.980,
2026-08-17T16:41:24.494Z,26146,campaign-burst,921,200,6.078,
2026-08-17T16:41:24.504Z,26156,campaign-burst,922,200,6.883,
2026-08-17T16:41:24.519Z,26171,campaign-burst,923,200,6.616,
2026-08-17T16:41:24.523Z,26175,campaign-burst,924,200,5.380,
2026-08-17T16:41:24.530Z,26182,campaign-burst,925,200,5.875,
2026-08-17T16:41:24.542Z,26194,campaign-burst,926,200,6.676,
2026-08-17T16:41:24.550Z,26202,campaign-burst,927,200,5.494,
2026-08-17T16:41:24.559Z,26211,campaign-burst,928,200,5.416,
2026-08-17T16:41:24.573Z,26225,campaign-burst,929,200,5.457,
2026-08-17T16:41:24.583Z,26235,campaign-burst,930,200,5.587,
2026-08-17T16:41:24.588Z,26240,campaign-burst,931,200,5.256,
2026-08-17T16:41:24.601Z,26253,campaign-burst,932,200,6.358,
2026-08-17T16:41:24.606Z,26258,campaign-burst,933,200,5.077,
2026-08-17T16:41:24.619Z,26271,campaign-burst,934,200,5.987,
2026-08-17T16:41:24.626Z,26278,campaign-burst,935,200,5.153,
2026-08-17T16:41:24.637Z,26289,campaign-burst,936,200,5.297,
2026-08-17T16:41:24.646Z,26298,campaign-burst,937,200,5.441,
2026-08-17T16:41:24.653Z,26305,campaign-burst,938,200,5.404,
2026-08-17T16:41:24.662Z,26314,campaign-burst,939,200,6.496,
2026-08-17T16:41:24.671Z,26323,campaign-burst,940,200,6.836,
2026-08-17T16:41:24.678Z,26330,campaign-burst,941,200,7.681,
2026-08-17T16:41:24.686Z,26338,campaign-burst,942,200,8.536,
2026-08-17T16:41:24.694Z,26346,campaign-burst,943,200,8.117,
2026-08-17T16:41:24.706Z,26358,campaign-burst,944,200,10.667,
2026-08-17T16:41:24.716Z,26368,campaign-burst,945,200,6.056,
2026-08-17T16:41:24.727Z,26379,campaign-burst,946,200,6.188,
2026-08-17T16:41:24.734Z,26386,campaign-burst,947,200,5.837,
2026-08-17T16:41:24.740Z,26392,campaign-burst,948,200,5.689,
2026-08-17T16:41:24.748Z,26400,campaign-burst,949,200,5.622,
2026-08-17T16:41:24.760Z,26412,campaign-burst,950,200,22.340,
2026-08-17T16:41:24.768Z,26420,campaign-burst,951,200,16.338,
2026-08-17T16:41:24.779Z,26431,campaign-burst,952,200,6.209,
2026-08-17T16:41:24.787Z,26439,campaign-burst,953,200,7.756,
2026-08-17T16:41:24.799Z,26451,campaign-burst,954,200,5.844,
2026-08-17T16:41:24.806Z,26458,campaign-burst,955,200,6.456,
2026-08-17T16:41:24.815Z,26467,campaign-burst,956,200,5.681,
2026-08-17T16:41:24.827Z,26479,campaign-burst,957,200,6.138,
2026-08-17T16:41:24.834Z,26486,campaign-burst,958,200,5.557,
2026-08-17T16:41:24.840Z,26492,campaign-burst,959,200,43.356,
2026-08-17T16:41:24.849Z,26501,campaign-burst,960,200,37.936,
2026-08-17T16:41:24.858Z,26510,campaign-burst,961,200,26.924,
2026-08-17T16:41:24.868Z,26520,campaign-burst,962,200,21.536,
2026-08-17T16:41:24.880Z,26532,campaign-burst,963,200,8.104,
2026-08-17T16:41:24.886Z,26538,campaign-burst,964,200,6.436,
2026-08-17T16:41:24.898Z,26550,campaign-burst,965,200,6.133,
2026-08-17T16:41:24.907Z,26559,campaign-burst,966,200,6.060,
2026-08-17T16:41:24.916Z,26568,campaign-burst,967,200,5.473,
2026-08-17T16:41:24.921Z,26573,campaign-burst,968,200,5.269,
2026-08-17T16:41:24.932Z,26584,campaign-burst,969,200,54.881,
2026-08-17T16:41:24.947Z,26599,campaign-burst,970,200,38.797,
2026-08-17T16:41:24.953Z,26605,campaign-burst,971,200,31.582,
2026-08-17T16:41:24.963Z,26615,campaign-burst,972,200,21.008,
2026-08-17T16:41:24.967Z,26619,campaign-burst,973,200,21.928,
2026-08-17T16:41:24.980Z,26632,campaign-burst,974,200,9.007,
2026-08-17T16:41:24.990Z,26642,campaign-burst,975,200,5.153,
2026-08-17T16:41:24.995Z,26647,campaign-burst,976,200,4.922,
2026-08-17T16:41:25.009Z,26661,campaign-burst,977,200,5.828,
2026-08-17T16:41:25.018Z,26670,campaign-burst,978,200,5.570,
2026-08-17T16:41:25.026Z,26678,campaign-burst,979,200,5.246,
2026-08-17T16:41:25.035Z,26687,campaign-burst,980,200,52.357,
2026-08-17T16:41:25.045Z,26697,campaign-burst,981,200,48.453,
2026-08-17T16:41:25.055Z,26707,campaign-burst,982,200,38.223,
2026-08-17T16:41:25.062Z,26714,campaign-burst,983,200,32.661,
2026-08-17T16:41:25.069Z,26721,campaign-burst,984,200,25.850,
2026-08-17T16:41:25.083Z,26735,campaign-burst,985,200,10.507,
2026-08-17T16:41:25.092Z,26744,campaign-burst,986,200,5.413,
2026-08-17T16:41:25.100Z,26752,campaign-burst,987,200,5.509,
2026-08-17T16:41:25.103Z,26755,campaign-burst,988,200,6.418,
2026-08-17T16:41:25.115Z,26767,campaign-burst,989,200,5.536,
2026-08-17T16:41:25.127Z,26779,campaign-burst,990,200,10.096,
2026-08-17T16:41:25.138Z,26790,campaign-burst,991,200,48.929,
2026-08-17T16:41:25.142Z,26794,campaign-burst,992,200,42.361,
2026-08-17T16:41:25.152Z,26804,campaign-burst,993,200,35.109,
2026-08-17T16:41:25.162Z,26814,campaign-burst,994,200,25.032,
2026-08-17T16:41:25.169Z,26821,campaign-burst,995,200,17.971,
2026-08-17T16:41:25.180Z,26832,campaign-burst,996,200,8.801,
2026-08-17T16:41:25.187Z,26839,campaign-burst,997,200,5.867,
2026-08-17T16:41:25.195Z,26847,campaign-burst,998,200,5.544,
2026-08-17T16:41:25.205Z,26857,campaign-burst,999,200,5.992,
2026-08-17T16:41:25.214Z,26866,campaign-burst,1000,200,6.244,
2026-08-17T16:41:25.223Z,26875,campaign-burst,1001,200,6.531,
2026-08-17T16:41:25.232Z,26884,campaign-burst,1002,200,59.271,
2026-08-17T16:41:25.239Z,26891,campaign-burst,1003,200,50.701,
2026-08-17T16:41:25.251Z,26903,campaign-burst,1004,200,38.492,
2026-08-17T16:41:25.258Z,26910,campaign-burst,1005,200,25.440,
2026-08-17T16:41:25.267Z,26919,campaign-burst,1006,200,22.878,
2026-08-17T16:41:25.276Z,26928,campaign-burst,1007,200,18.461,
2026-08-17T16:41:25.289Z,26941,campaign-burst,1008,200,7.372,
2026-08-17T16:41:25.295Z,26947,campaign-burst,1009,200,7.207,
2026-08-17T16:41:25.304Z,26956,campaign-burst,1010,200,6.961,
2026-08-17T16:41:25.312Z,26964,campaign-burst,1011,200,6.201,
2026-08-17T16:41:25.325Z,26977,campaign-burst,1012,200,6.384,
2026-08-17T16:41:25.336Z,26988,campaign-burst,1013,200,49.344,
2026-08-17T16:41:25.341Z,26993,campaign-burst,1014,200,45.733,
2026-08-17T16:41:25.355Z,27007,campaign-burst,1015,200,31.216,
2026-08-17T16:41:25.358Z,27010,campaign-burst,1016,200,28.620,
2026-08-17T16:41:25.369Z,27021,campaign-burst,1017,200,16.750,
2026-08-17T16:41:25.380Z,27032,campaign-burst,1018,200,9.825,
2026-08-17T16:41:25.386Z,27038,campaign-burst,1019,200,6.231,
2026-08-17T16:41:25.398Z,27050,campaign-burst,1020,200,6.959,
2026-08-17T16:41:25.404Z,27056,campaign-burst,1021,200,7.706,
2026-08-17T16:41:25.419Z,27071,campaign-burst,1022,200,8.192,
2026-08-17T16:41:25.428Z,27080,campaign-burst,1023,200,7.453,
2026-08-17T16:41:25.434Z,27086,campaign-burst,1024,200,54.342,
2026-08-17T16:41:25.440Z,27092,campaign-burst,1025,200,47.179,
2026-08-17T16:41:25.453Z,27105,campaign-burst,1026,200,35.730,
2026-08-17T16:41:25.461Z,27113,campaign-burst,1027,200,26.135,
2026-08-17T16:41:25.472Z,27124,campaign-burst,1028,200,15.343,
2026-08-17T16:41:25.479Z,27131,campaign-burst,1029,200,14.241,
2026-08-17T16:41:25.489Z,27141,campaign-burst,1030,200,8.751,
2026-08-17T16:41:25.494Z,27146,campaign-burst,1031,200,7.720,
2026-08-17T16:41:25.507Z,27159,campaign-burst,1032,200,7.893,
2026-08-17T16:41:25.517Z,27169,campaign-burst,1033,200,8.729,
2026-08-17T16:41:25.525Z,27177,campaign-burst,1034,200,5.784,
2026-08-17T16:41:25.535Z,27187,campaign-burst,1035,200,5.551,
2026-08-17T16:41:25.543Z,27195,campaign-burst,1036,200,40.361,
2026-08-17T16:41:25.551Z,27203,campaign-burst,1037,200,31.697,
2026-08-17T16:41:25.562Z,27214,campaign-burst,1038,200,20.363,
2026-08-17T16:41:25.573Z,27225,campaign-burst,1039,200,11.442,
2026-08-17T16:41:25.576Z,27228,campaign-burst,1040,200,6.309,
2026-08-17T16:41:25.589Z,27241,campaign-burst,1041,200,5.797,
2026-08-17T16:41:25.597Z,27249,campaign-burst,1042,200,5.492,
2026-08-17T16:41:25.606Z,27258,campaign-burst,1043,200,5.694,
2026-08-17T16:41:25.620Z,27272,campaign-burst,1044,200,7.561,
2026-08-17T16:41:25.625Z,27277,campaign-burst,1045,200,5.188,
2026-08-17T16:41:25.633Z,27285,campaign-burst,1046,200,5.214,
2026-08-17T16:41:25.639Z,27291,campaign-burst,1047,200,5.637,
2026-08-17T16:41:25.656Z,27308,campaign-burst,1048,200,5.248,
2026-08-17T16:41:25.660Z,27312,campaign-burst,1049,200,5.089,
2026-08-17T16:41:25.667Z,27319,campaign-burst,1050,200,5.829,
2026-08-17T16:41:25.681Z,27333,campaign-burst,1051,200,7.644,
2026-08-17T16:41:25.689Z,27341,campaign-burst,1052,200,6.194,
2026-08-17T16:41:25.695Z,27347,campaign-burst,1053,200,6.713,
2026-08-17T16:41:25.704Z,27356,campaign-burst,1054,200,5.418,
2026-08-17T16:41:25.717Z,27369,campaign-burst,1055,200,5.377,
2026-08-17T16:41:25.728Z,27380,campaign-burst,1056,200,6.240,
2026-08-17T16:41:25.731Z,27383,campaign-burst,1057,200,5.530,
2026-08-17T16:41:25.741Z,27393,campaign-burst,1058,200,5.248,
2026-08-17T16:41:25.754Z,27406,campaign-burst,1059,200,5.829,
2026-08-17T16:41:25.765Z,27417,campaign-burst,1060,200,8.234,
2026-08-17T16:41:25.769Z,27421,campaign-burst,1061,200,6.532,
2026-08-17T16:41:25.779Z,27431,campaign-burst,1062,200,6.001,
2026-08-17T16:41:25.785Z,27437,campaign-burst,1063,200,7.697,
2026-08-17T16:41:25.794Z,27446,campaign-burst,1064,200,7.169,
2026-08-17T16:41:25.806Z,27458,campaign-burst,1065,200,5.853,
2026-08-17T16:41:25.818Z,27470,campaign-burst,1066,200,5.408,
2026-08-17T16:41:25.827Z,27479,campaign-burst,1067,200,5.850,
2026-08-17T16:41:25.834Z,27486,campaign-burst,1068,200,5.843,
2026-08-17T16:41:25.843Z,27495,campaign-burst,1069,200,6.296,
2026-08-17T16:41:25.855Z,27507,campaign-burst,1070,200,6.599,
2026-08-17T16:41:25.858Z,27510,campaign-burst,1071,200,5.571,
2026-08-17T16:41:25.870Z,27522,campaign-burst,1072,200,8.615,
2026-08-17T16:41:25.876Z,27528,campaign-burst,1073,200,5.077,
2026-08-17T16:41:25.886Z,27538,campaign-burst,1074,200,5.584,
2026-08-17T16:41:25.902Z,27554,campaign-burst,1075,200,6.147,
2026-08-17T16:41:25.906Z,27558,campaign-burst,1076,200,5.615,
2026-08-17T16:41:25.918Z,27570,campaign-burst,1077,200,6.736,
2026-08-17T16:41:25.923Z,27575,campaign-burst,1078,200,6.059,
2026-08-17T16:41:25.933Z,27585,campaign-burst,1079,200,6.523,
2026-08-17T16:41:25.939Z,27591,campaign-burst,1080,200,7.677,
2026-08-17T16:41:25.949Z,27601,campaign-burst,1081,200,6.128,
2026-08-17T16:41:25.961Z,27613,campaign-burst,1082,200,6.544,
2026-08-17T16:41:25.971Z,27623,campaign-burst,1083,200,5.961,
2026-08-17T16:41:25.977Z,27629,campaign-burst,1084,200,5.521,
2026-08-17T16:41:25.991Z,27643,campaign-burst,1085,200,6.222,
2026-08-17T16:41:25.996Z,27648,campaign-burst,1086,200,8.265,
2026-08-17T16:41:26.005Z,27657,campaign-burst,1087,200,6.018,
2026-08-17T16:41:26.014Z,27666,campaign-burst,1088,200,5.961,
2026-08-17T16:41:26.029Z,27681,campaign-burst,1089,200,6.538,
2026-08-17T16:41:26.033Z,27685,campaign-burst,1090,200,6.078,
2026-08-17T16:41:26.044Z,27696,campaign-burst,1091,200,5.940,
2026-08-17T16:41:26.051Z,27703,campaign-burst,1092,200,5.247,
2026-08-17T16:41:26.062Z,27714,campaign-burst,1093,200,5.105,
2026-08-17T16:41:26.067Z,27719,campaign-burst,1094,200,5.140,
2026-08-17T16:41:26.080Z,27732,campaign-burst,1095,200,5.419,
2026-08-17T16:41:26.093Z,27745,campaign-burst,1096,200,5.586,
2026-08-17T16:41:26.095Z,27747,campaign-burst,1097,200,5.375,
2026-08-17T16:41:26.110Z,27762,campaign-burst,1098,200,5.569,
2026-08-17T16:41:26.115Z,27767,campaign-burst,1099,200,5.903,
2026-08-17T16:41:26.125Z,27777,campaign-burst,1100,200,6.009,
2026-08-17T16:41:26.135Z,27787,campaign-burst,1101,200,5.328,
2026-08-17T16:41:26.146Z,27798,campaign-burst,1102,200,6.343,
2026-08-17T16:41:26.154Z,27806,campaign-burst,1103,200,5.786,
2026-08-17T16:41:26.160Z,27812,campaign-burst,1104,200,5.282,
2026-08-17T16:41:26.174Z,27826,campaign-burst,1105,200,5.872,
2026-08-17T16:41:26.184Z,27836,campaign-burst,1106,200,6.091,
2026-08-17T16:41:26.190Z,27842,campaign-burst,1107,200,5.850,
2026-08-17T16:41:26.195Z,27847,campaign-burst,1108,200,5.475,
2026-08-17T16:41:26.211Z,27863,campaign-burst,1109,200,6.625,
2026-08-17T16:41:26.213Z,27865,campaign-burst,1110,200,5.910,
2026-08-17T16:41:26.226Z,27878,campaign-burst,1111,200,5.694,
2026-08-17T16:41:26.234Z,27886,campaign-burst,1112,200,7.494,
2026-08-17T16:41:26.243Z,27895,campaign-burst,1113,200,7.492,
2026-08-17T16:41:26.252Z,27904,campaign-burst,1114,200,6.208,
2026-08-17T16:41:26.264Z,27916,campaign-burst,1115,200,6.619,
2026-08-17T16:41:26.269Z,27921,campaign-burst,1116,200,6.292,
2026-08-17T16:41:26.280Z,27932,campaign-burst,1117,200,6.810,
2026-08-17T16:41:26.288Z,27940,campaign-burst,1118,200,6.395,
2026-08-17T16:41:26.300Z,27952,campaign-burst,1119,200,7.478,
2026-08-17T16:41:26.304Z,27956,campaign-burst,1120,200,6.614,
2026-08-17T16:41:26.314Z,27966,campaign-burst,1121,200,5.381,
2026-08-17T16:41:26.322Z,27974,campaign-burst,1122,200,5.201,
2026-08-17T16:41:26.338Z,27990,campaign-burst,1123,200,5.217,
2026-08-17T16:41:26.346Z,27998,campaign-burst,1124,200,5.012,
2026-08-17T16:41:26.355Z,28007,campaign-burst,1125,200,5.149,
2026-08-17T16:41:26.363Z,28015,campaign-burst,1126,200,5.171,
2026-08-17T16:41:26.370Z,28022,campaign-burst,1127,200,5.260,
2026-08-17T16:41:26.378Z,28030,campaign-burst,1128,200,5.283,
2026-08-17T16:41:26.389Z,28041,campaign-burst,1129,200,6.421,
2026-08-17T16:41:26.399Z,28051,campaign-burst,1130,200,5.845,
2026-08-17T16:41:26.409Z,28061,campaign-burst,1131,200,5.848,
2026-08-17T16:41:26.413Z,28065,campaign-burst,1132,200,5.589,
2026-08-17T16:41:26.428Z,28080,campaign-burst,1133,200,5.709,
2026-08-17T16:41:26.432Z,28084,campaign-burst,1134,200,5.506,
2026-08-17T16:41:26.441Z,28093,campaign-burst,1135,200,5.195,
2026-08-17T16:41:26.449Z,28101,campaign-burst,1136,200,5.772,
2026-08-17T16:41:26.459Z,28111,campaign-burst,1137,200,5.979,
2026-08-17T16:41:26.474Z,28126,campaign-burst,1138,200,5.768,
2026-08-17T16:41:26.478Z,28130,campaign-burst,1139,200,5.733,
2026-08-17T16:41:26.488Z,28140,campaign-burst,1140,200,7.305,
2026-08-17T16:41:26.497Z,28149,campaign-burst,1141,200,5.358,
2026-08-17T16:41:26.507Z,28159,campaign-burst,1142,200,5.438,
2026-08-17T16:41:26.514Z,28166,campaign-burst,1143,200,6.617,
2026-08-17T16:41:26.525Z,28177,campaign-burst,1144,200,5.674,
2026-08-17T16:41:26.534Z,28186,campaign-burst,1145,200,5.589,
2026-08-17T16:41:26.548Z,28200,campaign-burst,1146,200,7.776,
2026-08-17T16:41:26.552Z,28204,campaign-burst,1147,200,6.935,
2026-08-17T16:41:26.561Z,28213,campaign-burst,1148,200,6.609,
2026-08-17T16:41:26.567Z,28219,campaign-burst,1149,200,8.143,
2026-08-17T16:41:26.580Z,28232,campaign-burst,1150,200,5.615,
2026-08-17T16:41:26.588Z,28240,campaign-burst,1151,200,5.292,
2026-08-17T16:41:26.597Z,28249,campaign-burst,1152,200,5.590,
2026-08-17T16:41:26.610Z,28262,campaign-burst,1153,200,5.392,
2026-08-17T16:41:26.618Z,28270,campaign-burst,1154,200,4.930,
2026-08-17T16:41:26.626Z,28278,campaign-burst,1155,200,5.088,
2026-08-17T16:41:26.631Z,28283,campaign-burst,1156,200,5.435,
2026-08-17T16:41:26.646Z,28298,campaign-burst,1157,200,5.637,
2026-08-17T16:41:26.652Z,28304,campaign-burst,1158,200,5.535,
2026-08-17T16:41:26.663Z,28315,campaign-burst,1159,200,6.449,
2026-08-17T16:41:26.667Z,28319,campaign-burst,1160,200,5.904,
2026-08-17T16:41:26.681Z,28333,campaign-burst,1161,200,5.599,
2026-08-17T16:41:26.690Z,28342,campaign-burst,1162,200,5.666,
2026-08-17T16:41:26.696Z,28348,campaign-burst,1163,200,7.237,
2026-08-17T16:41:26.705Z,28357,campaign-burst,1164,200,5.188,
2026-08-17T16:41:26.715Z,28367,campaign-burst,1165,200,5.065,
2026-08-17T16:41:26.728Z,28380,campaign-burst,1166,200,6.318,
2026-08-17T16:41:26.736Z,28388,campaign-burst,1167,200,12.108,
2026-08-17T16:41:26.741Z,28393,campaign-burst,1168,200,9.096,
2026-08-17T16:41:26.757Z,28409,campaign-burst,1169,200,6.687,
2026-08-17T16:41:26.763Z,28415,campaign-burst,1170,200,5.613,
2026-08-17T16:41:26.767Z,28419,campaign-burst,1171,200,6.109,
2026-08-17T16:41:26.783Z,28435,campaign-burst,1172,200,5.496,
2026-08-17T16:41:26.791Z,28443,campaign-burst,1173,200,4.918,
2026-08-17T16:41:26.797Z,28449,campaign-burst,1174,200,4.820,
2026-08-17T16:41:26.804Z,28456,campaign-burst,1175,200,5.239,
2026-08-17T16:41:26.817Z,28469,campaign-burst,1176,200,5.468,
2026-08-17T16:41:26.823Z,28475,campaign-burst,1177,200,5.212,
2026-08-17T16:41:26.838Z,28490,campaign-burst,1178,200,6.490,
2026-08-17T16:41:26.842Z,28494,campaign-burst,1179,200,5.865,
2026-08-17T16:41:26.855Z,28507,campaign-burst,1180,200,5.893,
2026-08-17T16:41:26.859Z,28511,campaign-burst,1181,200,5.501,
2026-08-17T16:41:26.871Z,28523,campaign-burst,1182,200,6.962,
2026-08-17T16:41:26.877Z,28529,campaign-burst,1183,200,6.658,
2026-08-17T16:41:26.890Z,28542,campaign-burst,1184,200,6.977,
2026-08-17T16:41:26.902Z,28554,campaign-burst,1185,200,8.069,
2026-08-17T16:41:26.904Z,28556,campaign-burst,1186,200,8.330,
2026-08-17T16:41:26.918Z,28570,campaign-burst,1187,200,7.797,
2026-08-17T16:41:26.922Z,28574,campaign-burst,1188,200,6.541,
2026-08-17T16:41:26.938Z,28590,campaign-burst,1189,200,7.282,
2026-08-17T16:41:26.941Z,28593,campaign-burst,1190,200,6.288,
2026-08-17T16:41:26.953Z,28605,campaign-burst,1191,200,6.521,
2026-08-17T16:41:26.960Z,28612,campaign-burst,1192,200,5.589,
2026-08-17T16:41:26.969Z,28621,campaign-burst,1193,200,5.947,
2026-08-17T16:41:26.980Z,28632,campaign-burst,1194,200,7.676,
2026-08-17T16:41:26.986Z,28638,campaign-burst,1195,200,6.786,
2026-08-17T16:41:26.995Z,28647,campaign-burst,1196,200,6.179,
2026-08-17T16:41:27.007Z,28659,campaign-burst,1197,200,6.942,
2026-08-17T16:41:27.014Z,28666,campaign-burst,1198,200,5.981,
2026-08-17T16:41:27.026Z,28678,campaign-burst,1199,200,6.554,
2026-08-17T16:41:27.037Z,28689,campaign-burst,1200,200,6.638,
2026-08-17T16:41:27.046Z,28698,campaign-burst,1201,200,6.511,
2026-08-17T16:41:27.051Z,28703,campaign-burst,1202,200,6.346,
2026-08-17T16:41:27.065Z,28717,campaign-burst,1203,200,6.435,
2026-08-17T16:41:27.071Z,28723,campaign-burst,1204,200,6.044,
2026-08-17T16:41:27.082Z,28734,campaign-burst,1205,200,5.624,
2026-08-17T16:41:27.090Z,28742,campaign-burst,1206,200,6.204,
2026-08-17T16:41:27.095Z,28747,campaign-burst,1207,200,5.419,
2026-08-17T16:41:27.106Z,28758,campaign-burst,1208,200,5.699,
2026-08-17T16:41:27.119Z,28771,campaign-burst,1209,200,6.188,
2026-08-17T16:41:27.126Z,28778,campaign-burst,1210,200,5.466,
2026-08-17T16:41:27.136Z,28788,campaign-burst,1211,200,6.241,
2026-08-17T16:41:27.146Z,28798,campaign-burst,1212,200,9.228,
2026-08-17T16:41:27.154Z,28806,campaign-burst,1213,200,7.609,
2026-08-17T16:41:27.161Z,28813,campaign-burst,1214,200,6.426,
2026-08-17T16:41:27.175Z,28827,campaign-burst,1215,200,7.775,
2026-08-17T16:41:27.180Z,28832,campaign-burst,1216,200,6.050,
2026-08-17T16:41:27.186Z,28838,campaign-burst,1217,200,5.411,
2026-08-17T16:41:27.200Z,28852,campaign-burst,1218,200,6.052,
2026-08-17T16:41:27.211Z,28863,campaign-burst,1219,200,8.334,
2026-08-17T16:41:27.212Z,28864,campaign-burst,1220,200,7.468,
2026-08-17T16:41:27.228Z,28880,campaign-burst,1221,200,11.918,
2026-08-17T16:41:27.239Z,28891,campaign-burst,1222,200,6.561,
2026-08-17T16:41:27.243Z,28895,campaign-burst,1223,200,5.912,
2026-08-17T16:41:27.255Z,28907,campaign-burst,1224,200,7.203,
2026-08-17T16:41:27.259Z,28911,campaign-burst,1225,200,5.779,
2026-08-17T16:41:27.274Z,28926,campaign-burst,1226,200,7.294,
2026-08-17T16:41:27.279Z,28931,campaign-burst,1227,200,7.035,
2026-08-17T16:41:27.291Z,28943,campaign-burst,1228,200,6.476,
2026-08-17T16:41:27.298Z,28950,campaign-burst,1229,200,8.380,
2026-08-17T16:41:27.310Z,28962,campaign-burst,1230,200,6.402,
2026-08-17T16:41:27.315Z,28967,campaign-burst,1231,200,6.973,
2026-08-17T16:41:27.327Z,28979,campaign-burst,1232,200,10.917,
2026-08-17T16:41:27.332Z,28984,campaign-burst,1233,200,8.784,
2026-08-17T16:41:27.348Z,29000,campaign-burst,1234,200,11.313,
2026-08-17T16:41:27.353Z,29005,campaign-burst,1235,200,8.256,
2026-08-17T16:41:27.359Z,29011,campaign-burst,1236,200,9.619,
2026-08-17T16:41:27.369Z,29021,campaign-burst,1237,200,6.541,
2026-08-17T16:41:27.378Z,29030,campaign-burst,1238,200,8.471,
2026-08-17T16:41:27.388Z,29040,campaign-burst,1239,200,7.141,
2026-08-17T16:41:27.401Z,29053,campaign-burst,1240,200,6.473,
2026-08-17T16:41:27.405Z,29057,campaign-burst,1241,200,6.135,
2026-08-17T16:41:27.418Z,29070,campaign-burst,1242,200,7.267,
2026-08-17T16:41:27.424Z,29076,campaign-burst,1243,200,5.710,
2026-08-17T16:41:27.432Z,29084,campaign-burst,1244,200,5.944,
2026-08-17T16:41:27.446Z,29098,campaign-burst,1245,200,5.697,
2026-08-17T16:41:27.451Z,29103,campaign-burst,1246,200,5.949,
2026-08-17T16:41:27.458Z,29110,campaign-burst,1247,200,8.053,
2026-08-17T16:41:27.474Z,29126,campaign-burst,1248,200,6.831,
2026-08-17T16:41:27.477Z,29129,campaign-burst,1249,200,5.416,
2026-08-17T16:41:27.492Z,29144,campaign-burst,1250,200,6.655,
2026-08-17T16:41:27.499Z,29151,campaign-burst,1251,200,5.717,
2026-08-17T16:41:27.508Z,29160,campaign-burst,1252,200,6.286,
2026-08-17T16:41:27.519Z,29171,campaign-burst,1253,200,6.035,
2026-08-17T16:41:27.525Z,29177,campaign-burst,1254,200,6.742,
2026-08-17T16:41:27.534Z,29186,campaign-burst,1255,200,6.165,
2026-08-17T16:41:27.545Z,29197,campaign-burst,1256,200,5.726,
2026-08-17T16:41:27.550Z,29202,campaign-burst,1257,200,6.302,
2026-08-17T16:41:27.561Z,29213,campaign-burst,1258,200,5.757,
2026-08-17T16:41:27.570Z,29222,campaign-burst,1259,200,6.346,
2026-08-17T16:41:27.579Z,29231,campaign-burst,1260,200,5.997,
2026-08-17T16:41:27.589Z,29241,campaign-burst,1261,200,6.193,
2026-08-17T16:41:27.594Z,29246,campaign-burst,1262,200,5.688,
2026-08-17T16:41:27.609Z,29261,campaign-burst,1263,200,6.214,
2026-08-17T16:41:27.614Z,29266,campaign-burst,1264,200,5.922,
2026-08-17T16:41:27.622Z,29274,campaign-burst,1265,200,5.553,
2026-08-17T16:41:27.637Z,29289,campaign-burst,1266,200,6.775,
2026-08-17T16:41:27.643Z,29295,campaign-burst,1267,200,5.752,
2026-08-17T16:41:27.650Z,29302,campaign-burst,1268,200,5.675,
2026-08-17T16:41:27.666Z,29318,campaign-burst,1269,200,6.156,
2026-08-17T16:41:27.668Z,29320,campaign-burst,1270,200,5.823,
2026-08-17T16:41:27.684Z,29336,campaign-burst,1271,200,6.238,
2026-08-17T16:41:27.692Z,29344,campaign-burst,1272,200,6.028,
2026-08-17T16:41:27.696Z,29348,campaign-burst,1273,200,5.507,
2026-08-17T16:41:27.709Z,29361,campaign-burst,1274,200,8.217,
2026-08-17T16:41:27.718Z,29370,campaign-burst,1275,200,6.590,
2026-08-17T16:41:27.724Z,29376,campaign-burst,1276,200,5.913,
2026-08-17T16:41:27.735Z,29387,campaign-burst,1277,200,6.420,
2026-08-17T16:41:27.744Z,29396,campaign-burst,1278,200,5.943,
2026-08-17T16:41:27.750Z,29402,campaign-burst,1279,200,5.416,
2026-08-17T16:41:27.765Z,29417,campaign-burst,1280,200,5.735,
2026-08-17T16:41:27.773Z,29425,campaign-burst,1281,200,6.320,
2026-08-17T16:41:27.782Z,29434,campaign-burst,1282,200,6.322,
2026-08-17T16:41:27.786Z,29438,campaign-burst,1283,200,5.558,
2026-08-17T16:41:27.799Z,29451,campaign-burst,1284,200,5.550,
2026-08-17T16:41:27.806Z,29458,campaign-burst,1285,200,5.217,
2026-08-17T16:41:27.820Z,29472,campaign-burst,1286,200,6.608,
2026-08-17T16:41:27.822Z,29474,campaign-burst,1287,200,5.343,
2026-08-17T16:41:27.835Z,29487,campaign-burst,1288,200,5.822,
2026-08-17T16:41:27.845Z,29497,campaign-burst,1289,200,5.582,
2026-08-17T16:41:27.855Z,29507,campaign-burst,1290,200,5.329,
2026-08-17T16:41:27.861Z,29513,campaign-burst,1291,200,6.099,
2026-08-17T16:41:27.874Z,29526,campaign-burst,1292,200,6.601,
2026-08-17T16:41:27.877Z,29529,campaign-burst,1293,200,5.285,
2026-08-17T16:41:27.888Z,29540,campaign-burst,1294,200,5.850,
2026-08-17T16:41:27.902Z,29554,campaign-burst,1295,200,6.277,
2026-08-17T16:41:27.904Z,29556,campaign-burst,1296,200,5.423,
2026-08-17T16:41:27.916Z,29568,campaign-burst,1297,200,6.413,
2026-08-17T16:41:27.928Z,29580,campaign-burst,1298,200,6.431,
2026-08-17T16:41:27.935Z,29587,campaign-burst,1299,200,5.932,
2026-08-17T16:41:27.941Z,29593,campaign-burst,1300,200,5.331,
2026-08-17T16:41:27.951Z,29603,campaign-burst,1301,200,7.469,
2026-08-17T16:41:27.960Z,29612,campaign-burst,1302,200,5.726,
2026-08-17T16:41:27.974Z,29626,campaign-burst,1303,200,5.707,
2026-08-17T16:41:27.981Z,29633,campaign-burst,1304,200,5.288,
2026-08-17T16:41:27.989Z,29641,campaign-burst,1305,200,5.738,
2026-08-17T16:41:27.995Z,29647,campaign-burst,1306,200,5.730,
2026-08-17T16:41:28.003Z,29655,campaign-burst,1307,200,7.650,
2026-08-17T16:41:28.016Z,29668,campaign-burst,1308,200,6.355,
2026-08-17T16:41:28.026Z,29678,campaign-burst,1309,200,5.720,
2026-08-17T16:41:28.037Z,29689,campaign-burst,1310,200,5.339,
2026-08-17T16:41:28.043Z,29695,campaign-burst,1311,200,5.226,
2026-08-17T16:41:28.049Z,29701,campaign-burst,1312,200,5.065,
2026-08-17T16:41:28.060Z,29712,campaign-burst,1313,200,5.580,
2026-08-17T16:41:28.069Z,29721,campaign-burst,1314,200,6.626,
2026-08-17T16:41:28.076Z,29728,campaign-burst,1315,200,5.441,
2026-08-17T16:41:28.092Z,29744,campaign-burst,1316,200,6.583,
2026-08-17T16:41:28.096Z,29748,campaign-burst,1317,200,5.957,
2026-08-17T16:41:28.106Z,29758,campaign-burst,1318,200,5.610,
2026-08-17T16:41:28.116Z,29768,campaign-burst,1319,200,5.449,
2026-08-17T16:41:28.125Z,29777,campaign-burst,1320,200,5.346,
2026-08-17T16:41:28.137Z,29789,campaign-burst,1321,200,5.567,
2026-08-17T16:41:28.144Z,29796,campaign-burst,1322,200,5.412,
2026-08-17T16:41:28.155Z,29807,campaign-burst,1323,200,5.998,
2026-08-17T16:41:28.162Z,29814,campaign-burst,1324,200,6.778,
2026-08-17T16:41:28.168Z,29820,campaign-burst,1325,200,6.190,
2026-08-17T16:41:28.177Z,29829,campaign-burst,1326,200,5.858,
2026-08-17T16:41:28.188Z,29840,campaign-burst,1327,200,6.239,
2026-08-17T16:41:28.200Z,29852,campaign-burst,1328,200,7.533,
2026-08-17T16:41:28.206Z,29858,campaign-burst,1329,200,5.524,
2026-08-17T16:41:28.216Z,29868,campaign-burst,1330,200,6.754,
2026-08-17T16:41:28.226Z,29878,campaign-burst,1331,200,5.268,
2026-08-17T16:41:28.235Z,29887,campaign-burst,1332,200,5.379,
2026-08-17T16:41:28.243Z,29895,campaign-burst,1333,200,5.256,
2026-08-17T16:41:28.249Z,29901,campaign-burst,1334,200,5.140,
2026-08-17T16:41:28.263Z,29915,campaign-burst,1335,200,5.723,
2026-08-17T16:41:28.270Z,29922,campaign-burst,1336,200,6.665,
2026-08-17T16:41:28.283Z,29935,campaign-burst,1337,200,6.492,
2026-08-17T16:41:28.287Z,29939,campaign-burst,1338,200,6.008,
2026-08-17T16:41:28.301Z,29953,campaign-burst,1339,200,5.595,
2026-08-17T16:41:28.310Z,29962,campaign-burst,1340,200,6.203,
2026-08-17T16:41:28.312Z,29964,campaign-burst,1341,200,5.656,
2026-08-17T16:41:28.327Z,29979,campaign-burst,1342,200,6.059,
2026-08-17T16:41:28.332Z,29984,campaign-burst,1343,200,5.793,
2026-08-17T16:41:28.340Z,29992,campaign-burst,1344,200,5.447,
2026-08-17T16:41:28.351Z,30003,campaign-burst,1345,200,5.241,
2026-08-17T16:41:28.364Z,30016,campaign-burst,1346,200,9.043,
2026-08-17T16:41:28.372Z,30024,campaign-burst,1347,200,6.407,
2026-08-17T16:41:28.381Z,30033,campaign-burst,1348,200,5.876,
2026-08-17T16:41:28.389Z,30041,campaign-burst,1349,200,6.134,
2026-08-17T16:41:28.398Z,30050,campaign-burst,1350,200,5.869,
2026-08-17T16:41:28.407Z,30059,campaign-burst,1351,200,5.640,
2026-08-17T16:41:28.418Z,30070,campaign-burst,1352,200,6.023,
2026-08-17T16:41:28.425Z,30077,campaign-burst,1353,200,5.830,
2026-08-17T16:41:28.432Z,30084,campaign-burst,1354,200,7.389,
2026-08-17T16:41:28.445Z,30097,campaign-burst,1355,200,6.217,
2026-08-17T16:41:28.453Z,30105,campaign-burst,1356,200,6.218,
2026-08-17T16:41:28.460Z,30112,campaign-burst,1357,200,6.058,
2026-08-17T16:41:28.472Z,30124,campaign-burst,1358,200,6.090,
2026-08-17T16:41:28.480Z,30132,campaign-burst,1359,200,5.236,
2026-08-17T16:41:28.490Z,30142,campaign-burst,1360,200,5.321,
2026-08-17T16:41:28.500Z,30152,campaign-burst,1361,200,5.188,
2026-08-17T16:41:28.505Z,30157,campaign-burst,1362,200,5.050,
2026-08-17T16:41:28.513Z,30165,campaign-burst,1363,200,6.485,
2026-08-17T16:41:28.526Z,30178,campaign-burst,1364,200,6.033,
2026-08-17T16:41:28.538Z,30190,campaign-burst,1365,200,6.363,
2026-08-17T16:41:28.540Z,30192,campaign-burst,1366,200,5.790,
2026-08-17T16:41:28.554Z,30206,campaign-burst,1367,200,5.782,
2026-08-17T16:41:28.559Z,30211,campaign-burst,1368,200,5.144,
2026-08-17T16:41:28.571Z,30223,campaign-burst,1369,200,4.850,
2026-08-17T16:41:28.584Z,30236,campaign-burst,1370,200,5.652,
2026-08-17T16:41:28.592Z,30244,campaign-burst,1371,200,5.274,
2026-08-17T16:41:28.600Z,30252,campaign-burst,1372,200,4.990,
2026-08-17T16:41:28.610Z,30262,campaign-burst,1373,200,5.145,
2026-08-17T16:41:28.613Z,30265,campaign-burst,1374,200,5.432,
2026-08-17T16:41:28.625Z,30277,campaign-burst,1375,200,5.639,
2026-08-17T16:41:28.632Z,30284,campaign-burst,1376,200,6.208,
2026-08-17T16:41:28.640Z,30292,campaign-burst,1377,200,5.618,
2026-08-17T16:41:28.649Z,30301,campaign-burst,1378,200,5.258,
2026-08-17T16:41:28.663Z,30315,campaign-burst,1379,200,5.218,
2026-08-17T16:41:28.672Z,30324,campaign-burst,1380,200,4.971,
2026-08-17T16:41:28.682Z,30334,campaign-burst,1381,200,6.835,
2026-08-17T16:41:28.690Z,30342,campaign-burst,1382,200,5.660,
2026-08-17T16:41:28.695Z,30347,campaign-burst,1383,200,5.355,
2026-08-17T16:41:28.705Z,30357,campaign-burst,1384,200,7.375,
2026-08-17T16:41:28.716Z,30368,campaign-burst,1385,200,5.463,
2026-08-17T16:41:28.724Z,30376,campaign-burst,1386,200,6.225,
2026-08-17T16:41:28.735Z,30387,campaign-burst,1387,200,6.199,
2026-08-17T16:41:28.741Z,30393,campaign-burst,1388,200,5.504,
2026-08-17T16:41:28.753Z,30405,campaign-burst,1389,200,5.726,
2026-08-17T16:41:28.765Z,30417,campaign-burst,1390,200,5.728,
2026-08-17T16:41:28.771Z,30423,campaign-burst,1391,200,5.505,
2026-08-17T16:41:28.781Z,30433,campaign-burst,1392,200,5.471,
2026-08-17T16:41:28.786Z,30438,campaign-burst,1393,200,5.256,
2026-08-17T16:41:28.795Z,30447,campaign-burst,1394,200,5.829,
2026-08-17T16:41:28.804Z,30456,campaign-burst,1395,200,5.836,
2026-08-17T16:41:28.819Z,30471,campaign-burst,1396,200,6.856,
2026-08-17T16:41:28.821Z,30473,campaign-burst,1397,200,5.661,
2026-08-17T16:41:28.836Z,30488,campaign-burst,1398,200,6.779,
2026-08-17T16:41:28.845Z,30497,campaign-burst,1399,200,5.844,
2026-08-17T16:41:28.850Z,30502,campaign-burst,1400,200,5.116,
2026-08-17T16:41:28.859Z,30511,campaign-burst,1401,200,5.791,
2026-08-17T16:41:28.872Z,30524,campaign-burst,1402,200,6.151,
2026-08-17T16:41:28.877Z,30529,campaign-burst,1403,200,5.355,
2026-08-17T16:41:28.889Z,30541,campaign-burst,1404,200,5.773,
2026-08-17T16:41:28.897Z,30549,campaign-burst,1405,200,5.867,
2026-08-17T16:41:28.911Z,30563,campaign-burst,1406,200,6.382,
2026-08-17T16:41:28.917Z,30569,campaign-burst,1407,200,5.440,
2026-08-17T16:41:28.925Z,30577,campaign-burst,1408,200,7.941,
2026-08-17T16:41:28.935Z,30587,campaign-burst,1409,200,5.595,
2026-08-17T16:41:28.945Z,30597,campaign-burst,1410,200,5.337,
2026-08-17T16:41:28.954Z,30606,campaign-burst,1411,200,5.286,
2026-08-17T16:41:28.964Z,30616,campaign-burst,1412,200,5.559,
2026-08-17T16:41:28.970Z,30622,campaign-burst,1413,200,5.602,
2026-08-17T16:41:28.979Z,30631,campaign-burst,1414,200,5.846,
2026-08-17T16:41:28.992Z,30644,campaign-burst,1415,200,7.573,
2026-08-17T16:41:29.001Z,30653,campaign-burst,1416,200,6.712,
2026-08-17T16:41:29.003Z,30655,campaign-burst,1417,200,5.884,
2026-08-17T16:41:29.016Z,30668,campaign-burst,1418,200,6.471,
2026-08-17T16:41:29.027Z,30679,campaign-burst,1419,200,7.006,
2026-08-17T16:41:29.038Z,30690,campaign-burst,1420,200,7.587,
2026-08-17T16:41:29.046Z,30698,campaign-burst,1421,200,6.309,
2026-08-17T16:41:29.054Z,30706,campaign-burst,1422,200,5.875,
2026-08-17T16:41:29.060Z,30712,campaign-burst,1423,200,5.165,
2026-08-17T16:41:29.073Z,30725,campaign-burst,1424,200,5.632,
2026-08-17T16:41:29.078Z,30730,campaign-burst,1425,200,6.149,
2026-08-17T16:41:29.087Z,30739,campaign-burst,1426,200,6.047,
2026-08-17T16:41:29.095Z,30747,campaign-burst,1427,200,5.874,
2026-08-17T16:41:29.109Z,30761,campaign-burst,1428,200,6.394,
2026-08-17T16:41:29.118Z,30770,campaign-burst,1429,200,5.649,
2026-08-17T16:41:29.126Z,30778,campaign-burst,1430,200,5.792,
2026-08-17T16:41:29.134Z,30786,campaign-burst,1431,200,6.060,
2026-08-17T16:41:29.146Z,30798,campaign-burst,1432,200,8.375,
2026-08-17T16:41:29.155Z,30807,campaign-burst,1433,200,6.326,
2026-08-17T16:41:29.160Z,30812,campaign-burst,1434,200,13.919,
2026-08-17T16:41:29.174Z,30826,campaign-burst,1435,200,10.814,
2026-08-17T16:41:29.176Z,30828,campaign-burst,1436,200,8.295,
2026-08-17T16:41:29.185Z,30837,campaign-burst,1437,200,6.064,
2026-08-17T16:41:29.199Z,30851,campaign-burst,1438,200,6.629,
2026-08-17T16:41:29.209Z,30861,campaign-burst,1439,200,6.283,
2026-08-17T16:41:29.219Z,30871,campaign-burst,1440,200,5.659,
2026-08-17T16:41:29.224Z,30876,campaign-burst,1441,200,5.700,
2026-08-17T16:41:29.236Z,30888,campaign-burst,1442,200,5.595,
2026-08-17T16:41:29.241Z,30893,campaign-burst,1443,200,5.450,
2026-08-17T16:41:29.252Z,30904,campaign-burst,1444,200,9.905,
2026-08-17T16:41:29.262Z,30914,campaign-burst,1445,200,5.544,
2026-08-17T16:41:29.275Z,30927,campaign-burst,1446,200,6.466,
2026-08-17T16:41:29.282Z,30934,campaign-burst,1447,200,6.278,
2026-08-17T16:41:29.285Z,30937,campaign-burst,1448,200,5.523,
2026-08-17T16:41:29.301Z,30953,campaign-burst,1449,200,6.287,
2026-08-17T16:41:29.310Z,30962,campaign-burst,1450,200,5.786,
2026-08-17T16:41:29.316Z,30968,campaign-burst,1451,200,5.757,
2026-08-17T16:41:29.327Z,30979,campaign-burst,1452,200,5.835,
2026-08-17T16:41:29.336Z,30988,campaign-burst,1453,200,5.801,
2026-08-17T16:41:29.345Z,30997,campaign-burst,1454,200,6.066,
2026-08-17T16:41:29.353Z,31005,campaign-burst,1455,200,6.115,
2026-08-17T16:41:29.359Z,31011,campaign-burst,1456,200,6.109,
2026-08-17T16:41:29.372Z,31024,campaign-burst,1457,200,7.388,
2026-08-17T16:41:29.381Z,31033,campaign-burst,1458,200,7.011,
2026-08-17T16:41:29.386Z,31038,campaign-burst,1459,200,10.131,
2026-08-17T16:41:29.400Z,31052,campaign-burst,1460,200,6.089,
2026-08-17T16:41:29.407Z,31059,campaign-burst,1461,200,5.176,
2026-08-17T16:41:29.415Z,31067,campaign-burst,1462,200,6.768,
2026-08-17T16:41:29.422Z,31074,campaign-burst,1463,200,5.266,
2026-08-17T16:41:29.436Z,31088,campaign-burst,1464,200,5.844,
2026-08-17T16:41:29.445Z,31097,campaign-burst,1465,200,5.339,
2026-08-17T16:41:29.454Z,31106,campaign-burst,1466,200,5.654,
2026-08-17T16:41:29.462Z,31114,campaign-burst,1467,200,5.490,
2026-08-17T16:41:29.472Z,31124,campaign-burst,1468,200,5.620,
2026-08-17T16:41:29.480Z,31132,campaign-burst,1469,200,5.226,
2026-08-17T16:41:29.486Z,31138,campaign-burst,1470,200,5.781,
2026-08-17T16:41:29.502Z,31154,campaign-burst,1471,200,5.887,
2026-08-17T16:41:29.503Z,31155,campaign-burst,1472,200,6.430,
2026-08-17T16:41:29.516Z,31168,campaign-burst,1473,200,6.671,
2026-08-17T16:41:29.527Z,31179,campaign-burst,1474,200,6.167,
2026-08-17T16:41:29.533Z,31185,campaign-burst,1475,200,5.982,
2026-08-17T16:41:29.544Z,31196,campaign-burst,1476,200,7.000,
2026-08-17T16:41:29.552Z,31204,campaign-burst,1477,200,5.520,
2026-08-17T16:41:29.565Z,31217,campaign-burst,1478,200,5.846,
2026-08-17T16:41:29.570Z,31222,campaign-burst,1479,200,5.281,
2026-08-17T16:41:29.577Z,31229,campaign-burst,1480,200,5.124,
2026-08-17T16:41:29.587Z,31239,campaign-burst,1481,200,6.495,
2026-08-17T16:41:29.600Z,31252,campaign-burst,1482,200,6.264,
2026-08-17T16:41:29.606Z,31258,campaign-burst,1483,200,5.256,
2026-08-17T16:41:29.612Z,31264,campaign-burst,1484,200,5.182,
2026-08-17T16:41:29.624Z,31276,campaign-burst,1485,200,6.527,
2026-08-17T16:41:29.636Z,31288,campaign-burst,1486,200,6.225,
2026-08-17T16:41:29.644Z,31296,campaign-burst,1487,200,5.989,
2026-08-17T16:41:29.655Z,31307,campaign-burst,1488,200,7.057,
2026-08-17T16:41:29.663Z,31315,campaign-burst,1489,200,5.954,
2026-08-17T16:41:29.671Z,31323,campaign-burst,1490,200,5.721,
2026-08-17T16:41:29.683Z,31335,campaign-burst,1491,200,6.168,
2026-08-17T16:41:29.692Z,31344,campaign-burst,1492,200,6.584,
2026-08-17T16:41:29.699Z,31351,campaign-burst,1493,200,6.926,
2026-08-17T16:41:29.706Z,31358,campaign-burst,1494,200,6.890,
2026-08-17T16:41:29.714Z,31366,campaign-burst,1495,200,5.453,
2026-08-17T16:41:29.725Z,31377,campaign-burst,1496,200,5.587,
2026-08-17T16:41:29.732Z,31384,campaign-burst,1497,200,5.458,
2026-08-17T16:41:29.747Z,31399,campaign-burst,1498,200,5.710,
2026-08-17T16:41:29.752Z,31404,campaign-burst,1499,200,5.444,
2026-08-17T16:41:29.758Z,31410,campaign-burst,1500,200,5.161,
2026-08-17T16:41:29.769Z,31421,campaign-burst,1501,200,5.694,
2026-08-17T16:41:29.778Z,31430,campaign-burst,1502,200,5.636,
2026-08-17T16:41:29.787Z,31439,campaign-burst,1503,200,6.216,
2026-08-17T16:41:29.797Z,31449,campaign-burst,1504,200,7.092,
2026-08-17T16:41:29.810Z,31462,campaign-burst,1505,200,5.988,
2026-08-17T16:41:29.817Z,31469,campaign-burst,1506,200,5.616,
2026-08-17T16:41:29.822Z,31474,campaign-burst,1507,200,5.363,
2026-08-17T16:41:29.836Z,31488,campaign-burst,1508,200,6.060,
2026-08-17T16:41:29.846Z,31498,campaign-burst,1509,200,6.179,
2026-08-17T16:41:29.853Z,31505,campaign-burst,1510,200,5.886,
2026-08-17T16:41:29.858Z,31510,campaign-burst,1511,200,6.102,
2026-08-17T16:41:29.867Z,31519,campaign-burst,1512,200,5.668,
2026-08-17T16:41:29.879Z,31531,campaign-burst,1513,200,5.651,
2026-08-17T16:41:29.891Z,31543,campaign-burst,1514,200,6.227,
2026-08-17T16:41:29.897Z,31549,campaign-burst,1515,200,6.997,
2026-08-17T16:41:29.906Z,31558,campaign-burst,1516,200,5.770,
2026-08-17T16:41:29.913Z,31565,campaign-burst,1517,200,5.433,
2026-08-17T16:41:29.924Z,31576,campaign-burst,1518,200,6.465,
2026-08-17T16:41:29.937Z,31589,campaign-burst,1519,200,6.424,
2026-08-17T16:41:29.945Z,31597,campaign-burst,1520,200,7.684,
2026-08-17T16:41:29.955Z,31607,campaign-burst,1521,200,6.364,
2026-08-17T16:41:29.961Z,31613,campaign-burst,1522,200,6.803,
2026-08-17T16:41:29.967Z,31619,campaign-burst,1523,200,7.686,
2026-08-17T16:41:29.981Z,31633,campaign-burst,1524,200,6.617,
2026-08-17T16:41:29.985Z,31637,campaign-burst,1525,200,5.970,
2026-08-17T16:41:29.997Z,31649,campaign-burst,1526,200,7.547,
2026-08-17T16:41:30.009Z,31661,campaign-burst,1527,200,6.435,
2026-08-17T16:41:30.015Z,31667,campaign-burst,1528,200,5.788,
2026-08-17T16:41:30.027Z,31679,campaign-burst,1529,200,6.508,
2026-08-17T16:41:30.034Z,31686,campaign-burst,1530,200,5.716,
2026-08-17T16:41:30.046Z,31698,campaign-burst,1531,200,6.617,
2026-08-17T16:41:30.055Z,31707,campaign-burst,1532,200,6.431,
2026-08-17T16:41:30.061Z,31713,campaign-burst,1533,200,6.330,
2026-08-17T16:41:30.072Z,31724,campaign-burst,1534,200,6.526,
2026-08-17T16:41:30.080Z,31732,campaign-burst,1535,200,5.264,
2026-08-17T16:41:30.086Z,31738,campaign-burst,1536,200,5.093,
2026-08-17T16:41:30.098Z,31750,campaign-burst,1537,200,6.495,
2026-08-17T16:41:30.103Z,31755,campaign-burst,1538,200,5.726,
2026-08-17T16:41:30.112Z,31764,campaign-burst,1539,200,5.427,
2026-08-17T16:41:30.128Z,31780,campaign-burst,1540,200,5.473,
2026-08-17T16:41:30.135Z,31787,campaign-burst,1541,200,5.667,
2026-08-17T16:41:30.145Z,31797,campaign-burst,1542,200,7.659,
2026-08-17T16:41:30.154Z,31806,campaign-burst,1543,200,6.057,
2026-08-17T16:41:30.164Z,31816,campaign-burst,1544,200,5.531,
2026-08-17T16:41:30.172Z,31824,campaign-burst,1545,200,6.054,
2026-08-17T16:41:30.180Z,31832,campaign-burst,1546,200,6.639,
2026-08-17T16:41:30.187Z,31839,campaign-burst,1547,200,7.339,
2026-08-17T16:41:30.196Z,31848,campaign-burst,1548,200,6.136,
2026-08-17T16:41:30.210Z,31862,campaign-burst,1549,200,5.488,
2026-08-17T16:41:30.216Z,31868,campaign-burst,1550,200,5.534,
2026-08-17T16:41:30.222Z,31874,campaign-burst,1551,200,4.929,
2026-08-17T16:41:30.234Z,31886,campaign-burst,1552,200,4.877,
2026-08-17T16:41:30.245Z,31897,campaign-burst,1553,200,5.109,
2026-08-17T16:41:30.256Z,31908,campaign-burst,1554,200,5.400,
2026-08-17T16:41:30.263Z,31915,campaign-burst,1555,200,5.538,
2026-08-17T16:41:30.268Z,31920,campaign-burst,1556,200,5.284,
2026-08-17T16:41:30.277Z,31929,campaign-burst,1557,200,5.087,
2026-08-17T16:41:30.290Z,31942,campaign-burst,1558,200,6.791,
2026-08-17T16:41:30.296Z,31948,campaign-burst,1559,200,5.661,
2026-08-17T16:41:30.311Z,31963,campaign-burst,1560,200,5.815,
2026-08-17T16:41:30.316Z,31968,campaign-burst,1561,200,5.818,
2026-08-17T16:41:30.325Z,31977,campaign-burst,1562,200,6.154,
2026-08-17T16:41:30.338Z,31990,campaign-burst,1563,200,5.778,
2026-08-17T16:41:30.345Z,31997,campaign-burst,1564,200,5.498,
2026-08-17T16:41:30.366Z,32018,settle,1565,200,6.421,
2026-08-17T16:41:30.393Z,32045,settle,1566,200,5.905,
2026-08-17T16:41:30.445Z,32097,settle,1567,200,7.824,
2026-08-17T16:41:30.485Z,32137,settle,1568,200,6.735,
2026-08-17T16:41:30.520Z,32172,settle,1569,200,18.368,
2026-08-17T16:41:30.571Z,32223,settle,1570,200,17.171,
2026-08-17T16:41:30.611Z,32263,settle,1571,200,8.330,
2026-08-17T16:41:30.656Z,32308,settle,1572,200,9.025,
2026-08-17T16:41:30.678Z,32330,settle,1573,200,9.930,
2026-08-17T16:41:30.730Z,32382,settle,1574,200,13.424,
2026-08-17T16:41:30.769Z,32421,settle,1575,200,10.953,
2026-08-17T16:41:30.802Z,32454,settle,1576,200,8.428,
2026-08-17T16:41:30.833Z,32485,settle,1577,200,7.306,
2026-08-17T16:41:30.890Z,32542,settle,1578,200,8.542,
2026-08-17T16:41:30.922Z,32574,settle,1579,200,8.332,
2026-08-17T16:41:30.975Z,32627,settle,1580,200,9.413,
2026-08-17T16:41:31.004Z,32656,settle,1581,200,7.707,
2026-08-17T16:41:31.059Z,32711,settle,1582,200,10.104,
2026-08-17T16:41:31.077Z,32729,settle,1583,200,9.906,
2026-08-17T16:41:31.117Z,32769,settle,1584,200,8.656,
2026-08-17T16:41:31.160Z,32812,settle,1585,200,15.386,
2026-08-17T16:41:31.203Z,32855,settle,1586,200,8.758,
2026-08-17T16:41:31.252Z,32904,settle,1587,200,10.605,
2026-08-17T16:41:31.301Z,32953,settle,1588,200,9.737,
2026-08-17T16:41:31.317Z,32969,settle,1589,200,8.003,
2026-08-17T16:41:31.368Z,33020,settle,1590,200,8.551,
2026-08-17T16:41:31.424Z,33076,settle,1591,200,14.911,
2026-08-17T16:41:31.458Z,33110,settle,1592,200,8.866,
2026-08-17T16:41:31.484Z,33136,settle,1593,200,8.010,
2026-08-17T16:41:31.541Z,33193,settle,1594,200,9.601,
2026-08-17T16:41:31.566Z,33218,settle,1595,200,8.140,
2026-08-17T16:41:31.607Z,33259,settle,1596,200,11.973,
2026-08-17T16:41:31.633Z,33285,settle,1597,200,9.768,
2026-08-17T16:41:31.679Z,33331,settle,1598,200,11.462,
2026-08-17T16:41:31.718Z,33370,settle,1599,200,8.366,
2026-08-17T16:41:31.757Z,33409,settle,1600,200,9.088,
2026-08-17T16:41:31.812Z,33464,settle,1601,200,13.625,
2026-08-17T16:41:31.852Z,33504,settle,1602,200,13.082,
2026-08-17T16:41:31.887Z,33539,settle,1603,200,10.677,
2026-08-17T16:41:31.933Z,33585,settle,1604,200,12.431,
2026-08-17T16:41:31.978Z,33630,settle,1605,200,11.177,
2026-08-17T16:41:32.000Z,33652,settle,1606,200,11.020,
2026-08-17T16:41:32.057Z,33709,settle,1607,200,12.438,
2026-08-17T16:41:32.086Z,33738,settle,1608,200,35.569,
2026-08-17T16:41:32.120Z,33772,settle,1609,200,6.978,
2026-08-17T16:41:32.163Z,33815,settle,1610,200,7.900,
2026-08-17T16:41:32.219Z,33871,settle,1611,200,8.078,
2026-08-17T16:41:32.255Z,33907,settle,1612,200,8.063,
2026-08-17T16:41:32.288Z,33940,settle,1613,200,9.109,
2026-08-17T16:41:32.318Z,33970,settle,1614,200,8.433,
2026-08-17T16:41:32.369Z,34021,settle,1615,200,8.119,
2026-08-17T16:41:32.411Z,34063,settle,1616,200,10.478,
2026-08-17T16:41:32.454Z,34106,settle,1617,200,10.779,
2026-08-17T16:41:32.488Z,34140,settle,1618,200,7.287,
2026-08-17T16:41:32.532Z,34184,settle,1619,200,6.951,
2026-08-17T16:41:32.558Z,34210,settle,1620,200,6.472,
2026-08-17T16:41:32.617Z,34269,settle,1621,200,7.637,
2026-08-17T16:41:32.664Z,34316,settle,1622,200,8.800,
2026-08-17T16:41:32.694Z,34346,settle,1623,200,7.015,
2026-08-17T16:41:32.742Z,34394,settle,1624,200,7.878,
2026-08-17T16:41:32.772Z,34424,settle,1625,200,6.553,
2026-08-17T16:41:32.813Z,34465,settle,1626,200,7.714,
2026-08-17T16:41:32.838Z,34490,settle,1627,200,6.563,
2026-08-17T16:41:32.898Z,34550,settle,1628,200,14.467,
2026-08-17T16:41:32.941Z,34593,settle,1629,200,11.813,
2026-08-17T16:41:32.972Z,34624,settle,1630,200,10.745,
2026-08-17T16:41:32.997Z,34649,settle,1631,200,8.876,
2026-08-17T16:41:33.047Z,34699,settle,1632,200,10.368,
2026-08-17T16:41:33.076Z,34728,settle,1633,200,7.859,
2026-08-17T16:41:33.126Z,34778,settle,1634,200,14.463,
2026-08-17T16:41:33.161Z,34813,settle,1635,200,37.414,
2026-08-17T16:41:33.218Z,34870,settle,1636,200,12.702,
2026-08-17T16:41:33.241Z,34893,settle,1637,200,10.055,
2026-08-17T16:41:33.293Z,34945,settle,1638,200,7.835,
2026-08-17T16:41:33.316Z,34968,settle,1639,200,7.379,
2026-08-17T16:41:33.378Z,35030,settle,1640,200,9.150,
2026-08-17T16:41:33.402Z,35054,settle,1641,200,8.002,
2026-08-17T16:41:33.442Z,35094,settle,1642,200,8.504,
2026-08-17T16:41:33.492Z,35144,settle,1643,200,8.690,
2026-08-17T16:41:33.527Z,35179,settle,1644,200,8.882,
2026-08-17T16:41:33.562Z,35214,settle,1645,200,9.858,
2026-08-17T16:41:33.595Z,35247,settle,1646,200,7.867,
2026-08-17T16:41:33.647Z,35299,settle,1647,200,9.950,
2026-08-17T16:41:33.683Z,35335,settle,1648,200,11.744,
2026-08-17T16:41:33.720Z,35372,settle,1649,200,14.907,
2026-08-17T16:41:33.766Z,35418,settle,1650,200,10.292,
2026-08-17T16:41:33.811Z,35463,settle,1651,200,9.775,
2026-08-17T16:41:33.855Z,35507,settle,1652,200,10.685,
2026-08-17T16:41:33.886Z,35538,settle,1653,200,10.494,
2026-08-17T16:41:33.918Z,35570,settle,1654,200,9.187,
2026-08-17T16:41:33.965Z,35617,settle,1655,200,9.894,
2026-08-17T16:41:34.022Z,35674,settle,1656,200,8.891,
2026-08-17T16:41:34.059Z,35711,settle,1657,200,11.273,
2026-08-17T16:41:34.078Z,35730,settle,1658,200,15.440,
2026-08-17T16:41:34.124Z,35776,settle,1659,200,17.036,
2026-08-17T16:41:34.175Z,35827,settle,1660,200,9.295,
2026-08-17T16:41:34.193Z,35845,settle,1661,200,7.776,
2026-08-17T16:41:34.252Z,35904,settle,1662,200,7.170,
2026-08-17T16:41:34.276Z,35928,settle,1663,200,8.181,
2026-08-17T16:41:34.320Z,35972,settle,1664,200,9.784,
2026-08-17T16:41:34.380Z,36032,settle,1665,200,11.895,
2026-08-17T16:41:34.403Z,36055,settle,1666,200,9.894,
2026-08-17T16:41:34.453Z,36105,settle,1667,200,11.456,
2026-08-17T16:41:34.498Z,36150,settle,1668,200,10.168,
2026-08-17T16:41:34.517Z,36169,settle,1669,200,10.629,
2026-08-17T16:41:34.579Z,36231,settle,1670,200,11.893,
2026-08-17T16:41:34.608Z,36260,settle,1671,200,12.549,
2026-08-17T16:41:34.648Z,36300,settle,1672,200,12.051,
2026-08-17T16:41:34.700Z,36352,settle,1673,200,9.343,
2026-08-17T16:41:34.726Z,36378,settle,1674,200,11.096,
2026-08-17T16:41:34.774Z,36426,settle,1675,200,11.472,
2026-08-17T16:41:34.816Z,36468,settle,1676,200,14.671,
2026-08-17T16:41:34.837Z,36489,settle,1677,200,7.749,
2026-08-17T16:41:34.878Z,36530,settle,1678,200,7.613,
2026-08-17T16:41:34.914Z,36566,settle,1679,200,9.315,
2026-08-17T16:41:34.960Z,36612,settle,1680,200,8.909,
2026-08-17T16:41:35.009Z,36661,settle,1681,200,11.033,
2026-08-17T16:41:35.042Z,36694,settle,1682,200,13.213,
2026-08-17T16:41:35.087Z,36739,settle,1683,200,9.039,
2026-08-17T16:41:35.126Z,36778,settle,1684,200,8.406,
2026-08-17T16:41:35.161Z,36813,settle,1685,200,8.783,
2026-08-17T16:41:35.211Z,36863,settle,1686,200,7.490,
2026-08-17T16:41:35.246Z,36898,settle,1687,200,7.267,
2026-08-17T16:41:35.297Z,36949,settle,1688,200,8.070,
2026-08-17T16:41:35.329Z,36981,settle,1689,200,7.319,
2026-08-17T16:41:35.365Z,37017,settle,1690,200,8.177,
2026-08-17T16:41:35.417Z,37069,settle,1691,200,9.712,
2026-08-17T16:41:35.451Z,37103,settle,1692,200,8.310,
2026-08-17T16:41:35.482Z,37134,settle,1693,200,8.102,
2026-08-17T16:41:35.520Z,37172,settle,1694,200,9.533,
2026-08-17T16:41:35.575Z,37227,settle,1695,200,8.366,
2026-08-17T16:41:35.608Z,37260,settle,1696,200,10.541,
2026-08-17T16:41:35.640Z,37292,settle,1697,200,9.661,
2026-08-17T16:41:35.700Z,37352,settle,1698,200,14.568,
2026-08-17T16:41:35.719Z,37371,settle,1699,200,9.758,
2026-08-17T16:41:35.763Z,37415,settle,1700,200,9.398,
2026-08-17T16:41:35.810Z,37462,settle,1701,200,10.399,
2026-08-17T16:41:35.841Z,37493,settle,1702,200,15.796,
2026-08-17T16:41:35.876Z,37528,settle,1703,200,9.651,
2026-08-17T16:41:35.942Z,37594,settle,1704,200,7.362,
2026-08-17T16:41:35.969Z,37621,settle,1705,200,7.921,
2026-08-17T16:41:35.999Z,37651,settle,1706,200,9.026,
2026-08-17T16:41:36.060Z,37712,settle,1707,200,8.723,
2026-08-17T16:41:36.078Z,37730,settle,1708,200,7.731,
2026-08-17T16:41:36.119Z,37771,settle,1709,200,7.565,
2026-08-17T16:41:36.177Z,37829,settle,1710,200,9.143,
2026-08-17T16:41:36.195Z,37847,settle,1711,200,8.612,
2026-08-17T16:41:36.263Z,37915,settle,1712,200,10.333,
2026-08-17T16:41:36.281Z,37933,settle,1713,200,11.139,
2026-08-17T16:41:36.324Z,37976,settle,1714,200,14.339,
2026-08-17T16:41:36.358Z,38010,settle,1715,200,9.989,
2026-08-17T16:41:36.405Z,38057,settle,1716,200,10.904,
2026-08-17T16:41:36.461Z,38113,settle,1717,200,9.707,
2026-08-17T16:41:36.472Z,38124,settle,1718,200,8.469,
2026-08-17T16:41:36.525Z,38177,settle,1719,200,12.379,
2026-08-17T16:41:36.581Z,38233,settle,1720,200,13.443,
2026-08-17T16:41:36.592Z,38244,settle,1721,200,8.299,
2026-08-17T16:41:36.662Z,38314,settle,1722,200,9.708,
2026-08-17T16:41:36.690Z,38342,settle,1723,200,9.394,
2026-08-17T16:41:36.738Z,38390,settle,1724,200,9.352,
2026-08-17T16:41:36.754Z,38406,settle,1725,200,7.970,
2026-08-17T16:41:36.811Z,38463,settle,1726,200,9.682,
2026-08-17T16:41:36.848Z,38500,settle,1727,200,9.617,
2026-08-17T16:41:36.874Z,38526,settle,1728,200,8.938,
2026-08-17T16:41:36.919Z,38571,settle,1729,200,11.944,
2026-08-17T16:41:36.967Z,38619,settle,1730,200,11.242,
2026-08-17T16:41:37.016Z,38668,settle,1731,200,11.847,
2026-08-17T16:41:37.046Z,38698,settle,1732,200,10.013,
2026-08-17T16:41:37.080Z,38732,settle,1733,200,12.052,
2026-08-17T16:41:37.132Z,38784,settle,1734,200,15.728,
2026-08-17T16:41:37.164Z,38816,settle,1735,200,13.499,
2026-08-17T16:41:37.195Z,38847,settle,1736,200,11.867,
2026-08-17T16:41:37.256Z,38908,settle,1737,200,10.554,
2026-08-17T16:41:37.298Z,38950,settle,1738,200,8.923,
2026-08-17T16:41:37.326Z,38978,settle,1739,200,12.072,
2026-08-17T16:41:37.358Z,39010,settle,1740,200,20.208,
2026-08-17T16:41:37.396Z,39048,settle,1741,200,7.052,
2026-08-17T16:41:37.460Z,39112,settle,1742,200,8.274,
2026-08-17T16:41:37.475Z,39127,settle,1743,200,7.305,
2026-08-17T16:41:37.541Z,39193,settle,1744,200,9.555,
2026-08-17T16:41:37.580Z,39232,settle,1745,200,9.425,
2026-08-17T16:41:37.623Z,39275,settle,1746,200,8.449,
2026-08-17T16:41:37.653Z,39305,settle,1747,200,9.393,
2026-08-17T16:41:37.703Z,39355,settle,1748,200,8.201,
2026-08-17T16:41:37.736Z,39388,settle,1749,200,10.197,
2026-08-17T16:41:37.773Z,39425,settle,1750,200,9.077,
2026-08-17T16:41:37.796Z,39448,settle,1751,200,8.212,
2026-08-17T16:41:37.840Z,39492,settle,1752,200,9.020,
2026-08-17T16:41:37.885Z,39537,settle,1753,200,8.345,
2026-08-17T16:41:37.939Z,39591,settle,1754,200,8.202,
2026-08-17T16:41:37.968Z,39620,settle,1755,200,7.065,
2026-08-17T16:41:37.995Z,39647,settle,1756,200,11.443,
2026-08-17T16:41:38.048Z,39700,settle,1757,200,9.871,
2026-08-17T16:41:38.081Z,39733,settle,1758,200,8.736,
2026-08-17T16:41:38.131Z,39783,settle,1759,200,10.029,
2026-08-17T16:41:38.177Z,39829,settle,1760,200,9.807,
2026-08-17T16:41:38.219Z,39871,settle,1761,200,8.542,
2026-08-17T16:41:38.256Z,39908,settle,1762,200,9.596,
2026-08-17T16:41:38.299Z,39951,settle,1763,200,9.543,
2026-08-17T16:41:38.317Z,39969,settle,1764,200,8.917,
2026-08-17T16:41:38.373Z,40025,settle,1765,200,9.643,
2026-08-17T16:41:38.423Z,40075,settle,1766,200,10.357,
2026-08-17T16:41:38.463Z,40115,settle,1767,200,9.198,
2026-08-17T16:41:38.483Z,40135,settle,1768,200,9.124,
2026-08-17T16:41:38.544Z,40196,settle,1769,200,8.069,
2026-08-17T16:41:38.578Z,40230,settle,1770,200,7.816,
2026-08-17T16:41:38.594Z,40246,settle,1771,200,6.910,
2026-08-17T16:41:38.651Z,40303,settle,1772,200,8.165,
2026-08-17T16:41:38.685Z,40337,settle,1773,200,9.629,
2026-08-17T16:41:38.726Z,40378,settle,1774,200,11.595,
2026-08-17T16:41:38.766Z,40418,settle,1775,200,9.359,
2026-08-17T16:41:38.819Z,40471,settle,1776,200,9.329,
2026-08-17T16:41:38.861Z,40513,settle,1777,200,8.570,
2026-08-17T16:41:38.887Z,40539,settle,1778,200,9.481,
2026-08-17T16:41:38.936Z,40588,settle,1779,200,8.285,
2026-08-17T16:41:38.971Z,40623,settle,1780,200,11.032,
2026-08-17T16:41:39.015Z,40667,settle,1781,200,12.072,
2026-08-17T16:41:39.061Z,40713,settle,1782,200,10.440,
2026-08-17T16:41:39.091Z,40743,settle,1783,200,12.394,
2026-08-17T16:41:39.118Z,40770,settle,1784,200,9.223,
2026-08-17T16:41:39.176Z,40828,settle,1785,200,15.195,
2026-08-17T16:41:39.221Z,40873,settle,1786,200,11.120,
2026-08-17T16:41:39.259Z,40911,settle,1787,200,10.612,
2026-08-17T16:41:39.279Z,40931,settle,1788,200,8.482,
2026-08-17T16:41:39.315Z,40967,settle,1789,200,8.826,
2026-08-17T16:41:39.354Z,41006,settle,1790,200,9.038,
2026-08-17T16:41:39.423Z,41075,settle,1791,200,8.668,
2026-08-17T16:41:39.445Z,41097,settle,1792,200,10.186,
2026-08-17T16:41:39.498Z,41150,settle,1793,200,9.624,
2026-08-17T16:41:39.525Z,41177,settle,1794,200,8.198,
2026-08-17T16:41:39.560Z,41212,settle,1795,200,8.473,
2026-08-17T16:41:39.621Z,41273,settle,1796,200,12.320,
2026-08-17T16:41:39.657Z,41309,settle,1797,200,15.968,
2026-08-17T16:41:39.693Z,41345,settle,1798,200,15.391,
2026-08-17T16:41:39.741Z,41393,settle,1799,200,9.625,
2026-08-17T16:41:39.767Z,41419,settle,1800,200,8.375,
2026-08-17T16:41:39.808Z,41460,settle,1801,200,8.932,
2026-08-17T16:41:39.852Z,41504,settle,1802,200,8.780,
2026-08-17T16:41:39.874Z,41526,settle,1803,200,9.059,
2026-08-17T16:41:39.922Z,41574,settle,1804,200,9.271,
2026-08-17T16:41:39.983Z,41635,settle,1805,200,9.101,
2026-08-17T16:41:40.004Z,41656,settle,1806,200,10.174,
2026-08-17T16:41:40.040Z,41692,settle,1807,200,9.170,
2026-08-17T16:41:40.080Z,41732,settle,1808,200,10.198,
2026-08-17T16:41:40.129Z,41781,settle,1809,200,10.359,
2026-08-17T16:41:40.162Z,41814,settle,1810,200,18.123,
2026-08-17T16:41:40.211Z,41863,settle,1811,200,10.208,
2026-08-17T16:41:40.263Z,41915,settle,1812,200,11.774,
2026-08-17T16:41:40.287Z,41939,settle,1813,200,10.808,
2026-08-17T16:41:40.331Z,41983,settle,1814,200,11.114,
2026-08-17T16:41:40.359Z,42011,settle,1815,200,11.311,
2026-08-17T16:41:40.407Z,42059,settle,1816,200,13.771,
2026-08-17T16:41:40.435Z,42087,settle,1817,200,10.877,
2026-08-17T16:41:40.485Z,42137,settle,1818,200,9.152,
2026-08-17T16:41:40.525Z,42177,settle,1819,200,10.889,
2026-08-17T16:41:40.567Z,42219,settle,1820,200,9.045,
2026-08-17T16:41:40.607Z,42259,settle,1821,200,9.690,
2026-08-17T16:41:40.642Z,42294,settle,1822,200,9.167,
2026-08-17T16:41:40.685Z,42337,settle,1823,200,10.003,
2026-08-17T16:41:40.735Z,42387,settle,1824,200,8.172,
2026-08-17T16:41:40.757Z,42409,settle,1825,200,9.033,
2026-08-17T16:41:40.797Z,42449,settle,1826,200,9.222,
2026-08-17T16:41:40.853Z,42505,settle,1827,200,9.702,
2026-08-17T16:41:40.882Z,42534,settle,1828,200,10.083,
2026-08-17T16:41:40.926Z,42578,settle,1829,200,8.136,
2026-08-17T16:41:40.967Z,42619,settle,1830,200,8.974,
2026-08-17T16:41:41.006Z,42658,settle,1831,200,10.079,
2026-08-17T16:41:41.058Z,42710,settle,1832,200,9.149,
2026-08-17T16:41:41.085Z,42737,settle,1833,200,10.366,
2026-08-17T16:41:41.140Z,42792,settle,1834,200,10.207,
2026-08-17T16:41:41.159Z,42811,settle,1835,200,7.649,
2026-08-17T16:41:41.212Z,42864,settle,1836,200,9.625,
2026-08-17T16:41:41.251Z,42903,settle,1837,200,13.381,
2026-08-17T16:41:41.277Z,42929,settle,1838,200,10.251,
2026-08-17T16:41:41.324Z,42976,settle,1839,200,7.186,
2026-08-17T16:41:41.368Z,43020,settle,1840,200,7.153,
2026-08-17T16:41:41.397Z,43049,settle,1841,200,7.183,
2026-08-17T16:41:41.434Z,43086,settle,1842,200,8.857,
2026-08-17T16:41:41.504Z,43156,settle,1843,200,10.839,
2026-08-17T16:41:41.514Z,43166,settle,1844,200,7.997,
2026-08-17T16:41:41.559Z,43211,settle,1845,200,11.449,
2026-08-17T16:41:41.620Z,43272,settle,1846,200,8.254,
2026-08-17T16:41:41.655Z,43307,settle,1847,200,11.216,
2026-08-17T16:41:41.684Z,43336,settle,1848,200,10.676,
2026-08-17T16:41:41.723Z,43375,settle,1849,200,8.068,
2026-08-17T16:41:41.758Z,43410,settle,1850,200,12.110,
2026-08-17T16:41:41.805Z,43457,settle,1851,200,9.042,
2026-08-17T16:41:41.857Z,43509,settle,1852,200,11.502,
2026-08-17T16:41:41.883Z,43535,settle,1853,200,9.128,
2026-08-17T16:41:41.923Z,43575,settle,1854,200,9.269,
2026-08-17T16:41:41.963Z,43615,settle,1855,200,8.785,
2026-08-17T16:41:42.003Z,43655,settle,1856,200,9.489,
2026-08-17T16:41:42.039Z,43691,settle,1857,200,10.773,
2026-08-17T16:41:42.098Z,43750,settle,1858,200,14.236,
2026-08-17T16:41:42.137Z,43789,settle,1859,200,10.936,
2026-08-17T16:41:42.153Z,43805,settle,1860,200,8.969,
2026-08-17T16:41:42.219Z,43871,settle,1861,200,10.397,
2026-08-17T16:41:42.245Z,43897,settle,1862,200,11.124,
2026-08-17T16:41:42.304Z,43956,settle,1863,200,14.257,
2026-08-17T16:41:42.315Z,43967,settle,1864,200,11.815,
2026-08-17T16:41:42.356Z,44008,notification-burst,1865,200,10.068,
2026-08-17T16:41:42.362Z,44014,notification-burst,1866,200,8.757,
2026-08-17T16:41:42.379Z,44031,notification-burst,1867,200,8.732,
2026-08-17T16:41:42.388Z,44040,notification-burst,1868,200,8.806,
2026-08-17T16:41:42.396Z,44048,notification-burst,1869,200,7.817,
2026-08-17T16:41:42.407Z,44059,notification-burst,1870,200,7.922,
2026-08-17T16:41:42.420Z,44072,notification-burst,1871,200,8.296,
2026-08-17T16:41:42.427Z,44079,notification-burst,1872,200,8.861,
2026-08-17T16:41:42.443Z,44095,notification-burst,1873,200,7.523,
2026-08-17T16:41:42.451Z,44103,notification-burst,1874,200,7.109,
2026-08-17T16:41:42.461Z,44113,notification-burst,1875,200,7.024,
2026-08-17T16:41:42.479Z,44131,notification-burst,1876,200,7.274,
2026-08-17T16:41:42.490Z,44142,notification-burst,1877,200,7.000,
2026-08-17T16:41:42.495Z,44147,notification-burst,1878,200,7.059,
2026-08-17T16:41:42.511Z,44163,notification-burst,1879,200,7.500,
2026-08-17T16:41:42.521Z,44173,notification-burst,1880,200,7.237,
2026-08-17T16:41:42.528Z,44180,notification-burst,1881,200,8.528,
2026-08-17T16:41:42.544Z,44196,notification-burst,1882,200,7.097,
2026-08-17T16:41:42.555Z,44207,notification-burst,1883,200,6.957,
2026-08-17T16:41:42.569Z,44221,notification-burst,1884,200,6.872,
2026-08-17T16:41:42.576Z,44228,notification-burst,1885,200,6.333,
2026-08-17T16:41:42.584Z,44236,notification-burst,1886,200,6.665,
2026-08-17T16:41:42.593Z,44245,notification-burst,1887,200,6.024,
2026-08-17T16:41:42.614Z,44266,notification-burst,1888,200,6.856,
2026-08-17T16:41:42.622Z,44274,notification-burst,1889,200,5.768,
2026-08-17T16:41:42.630Z,44282,notification-burst,1890,200,7.669,
2026-08-17T16:41:42.642Z,44294,notification-burst,1891,200,10.405,
2026-08-17T16:41:42.650Z,44302,notification-burst,1892,200,7.111,
2026-08-17T16:41:42.669Z,44321,notification-burst,1893,200,6.429,
2026-08-17T16:41:42.679Z,44331,notification-burst,1894,200,6.140,
2026-08-17T16:41:42.685Z,44337,notification-burst,1895,200,5.778,
2026-08-17T16:41:42.697Z,44349,notification-burst,1896,200,6.030,
2026-08-17T16:41:42.710Z,44362,notification-burst,1897,200,6.597,
2026-08-17T16:41:42.718Z,44370,notification-burst,1898,200,5.746,
2026-08-17T16:41:42.732Z,44384,notification-burst,1899,200,6.140,
2026-08-17T16:41:42.742Z,44394,notification-burst,1900,200,7.042,
2026-08-17T16:41:42.754Z,44406,notification-burst,1901,200,5.208,
2026-08-17T16:41:42.760Z,44412,notification-burst,1902,200,5.301,
2026-08-17T16:41:42.778Z,44430,notification-burst,1903,200,5.401,
2026-08-17T16:41:42.784Z,44436,notification-burst,1904,200,5.016,
2026-08-17T16:41:42.794Z,44446,notification-burst,1905,200,5.106,
2026-08-17T16:41:42.812Z,44464,notification-burst,1906,200,6.858,
2026-08-17T16:41:42.822Z,44474,notification-burst,1907,200,5.746,
2026-08-17T16:41:42.826Z,44478,notification-burst,1908,200,5.507,
2026-08-17T16:41:42.840Z,44492,notification-burst,1909,200,5.824,
2026-08-17T16:41:42.851Z,44503,notification-burst,1910,200,5.626,
2026-08-17T16:41:42.866Z,44518,notification-burst,1911,200,6.482,
2026-08-17T16:41:42.875Z,44527,notification-burst,1912,200,6.484,
2026-08-17T16:41:42.884Z,44536,notification-burst,1913,200,6.000,
2026-08-17T16:41:42.894Z,44546,notification-burst,1914,200,6.333,
2026-08-17T16:41:42.912Z,44564,notification-burst,1915,200,6.851,
2026-08-17T16:41:42.919Z,44571,notification-burst,1916,200,5.650,
2026-08-17T16:41:42.930Z,44582,notification-burst,1917,200,8.067,
2026-08-17T16:41:42.947Z,44599,notification-burst,1918,200,6.854,
2026-08-17T16:41:42.954Z,44606,notification-burst,1919,200,6.346,
2026-08-17T16:41:42.962Z,44614,notification-burst,1920,200,5.812,
2026-08-17T16:41:42.971Z,44623,notification-burst,1921,200,6.664,
2026-08-17T16:41:42.989Z,44641,notification-burst,1922,200,6.530,
2026-08-17T16:41:42.997Z,44649,notification-burst,1923,200,6.403,
2026-08-17T16:41:43.010Z,44662,notification-burst,1924,200,6.188,
2026-08-17T16:41:43.020Z,44672,notification-burst,1925,200,5.684,
2026-08-17T16:41:43.031Z,44683,notification-burst,1926,200,5.806,
2026-08-17T16:41:43.045Z,44697,notification-burst,1927,200,5.934,
2026-08-17T16:41:43.056Z,44708,notification-burst,1928,200,6.681,
2026-08-17T16:41:43.067Z,44719,notification-burst,1929,200,6.389,
2026-08-17T16:41:43.072Z,44724,notification-burst,1930,200,6.503,
2026-08-17T16:41:43.083Z,44735,notification-burst,1931,200,5.472,
2026-08-17T16:41:43.096Z,44748,notification-burst,1932,200,7.171,
2026-08-17T16:41:43.109Z,44761,notification-burst,1933,200,7.409,
2026-08-17T16:41:43.119Z,44771,notification-burst,1934,200,7.461,
2026-08-17T16:41:43.134Z,44786,notification-burst,1935,200,7.410,
2026-08-17T16:41:43.142Z,44794,notification-burst,1936,200,6.675,
2026-08-17T16:41:43.152Z,44804,notification-burst,1937,200,6.331,
2026-08-17T16:41:43.161Z,44813,notification-burst,1938,200,7.063,
2026-08-17T16:41:43.172Z,44824,notification-burst,1939,200,6.179,
2026-08-17T16:41:43.189Z,44841,notification-burst,1940,200,6.790,
2026-08-17T16:41:43.194Z,44846,notification-burst,1941,200,6.751,
2026-08-17T16:41:43.208Z,44860,notification-burst,1942,200,7.090,
2026-08-17T16:41:43.224Z,44876,notification-burst,1943,200,7.074,
2026-08-17T16:41:43.231Z,44883,notification-burst,1944,200,7.876,
2026-08-17T16:41:43.245Z,44897,notification-burst,1945,200,6.507,
2026-08-17T16:41:43.256Z,44908,notification-burst,1946,200,5.895,
2026-08-17T16:41:43.261Z,44913,notification-burst,1947,200,6.174,
2026-08-17T16:41:43.274Z,44926,notification-burst,1948,200,7.100,
2026-08-17T16:41:43.287Z,44939,notification-burst,1949,200,6.721,
2026-08-17T16:41:43.295Z,44947,notification-burst,1950,200,6.390,
2026-08-17T16:41:43.312Z,44964,notification-burst,1951,200,6.446,
2026-08-17T16:41:43.320Z,44972,notification-burst,1952,200,7.028,
2026-08-17T16:41:43.332Z,44984,notification-burst,1953,200,6.619,
2026-08-17T16:41:43.339Z,44991,notification-burst,1954,200,5.944,
2026-08-17T16:41:43.353Z,45005,notification-burst,1955,200,5.849,
2026-08-17T16:41:43.368Z,45020,notification-burst,1956,200,6.556,
2026-08-17T16:41:43.377Z,45029,notification-burst,1957,200,6.002,
2026-08-17T16:41:43.385Z,45037,notification-burst,1958,200,5.850,
2026-08-17T16:41:43.395Z,45047,notification-burst,1959,200,6.386,
2026-08-17T16:41:43.412Z,45064,notification-burst,1960,200,7.095,
2026-08-17T16:41:43.422Z,45074,notification-burst,1961,200,5.809,
2026-08-17T16:41:43.431Z,45083,notification-burst,1962,200,6.714,
2026-08-17T16:41:43.438Z,45090,notification-burst,1963,200,5.553,
2026-08-17T16:41:43.454Z,45106,notification-burst,1964,200,6.681,
2026-08-17T16:41:43.465Z,45117,notification-burst,1965,200,6.414,
2026-08-17T16:41:43.477Z,45129,notification-burst,1966,200,7.421,
2026-08-17T16:41:43.482Z,45134,notification-burst,1967,200,5.806,
2026-08-17T16:41:43.502Z,45154,notification-burst,1968,200,6.755,
2026-08-17T16:41:43.506Z,45158,notification-burst,1969,200,6.536,
2026-08-17T16:41:43.520Z,45172,notification-burst,1970,200,6.428,
2026-08-17T16:41:43.529Z,45181,notification-burst,1971,200,7.927,
2026-08-17T16:41:43.543Z,45195,notification-burst,1972,200,6.850,
2026-08-17T16:41:43.554Z,45206,notification-burst,1973,200,6.700,
2026-08-17T16:41:43.566Z,45218,notification-burst,1974,200,6.999,
2026-08-17T16:41:43.571Z,45223,notification-burst,1975,200,6.257,
2026-08-17T16:41:43.588Z,45240,notification-burst,1976,200,6.356,
2026-08-17T16:41:43.602Z,45254,notification-burst,1977,200,6.414,
2026-08-17T16:41:43.606Z,45258,notification-burst,1978,200,6.104,
2026-08-17T16:41:43.620Z,45272,notification-burst,1979,200,6.008,
2026-08-17T16:41:43.631Z,45283,notification-burst,1980,200,5.866,
2026-08-17T16:41:43.644Z,45296,notification-burst,1981,200,5.871,
2026-08-17T16:41:43.655Z,45307,notification-burst,1982,200,6.280,
2026-08-17T16:41:43.661Z,45313,notification-burst,1983,200,5.222,
2026-08-17T16:41:43.677Z,45329,notification-burst,1984,200,6.170,
2026-08-17T16:41:43.686Z,45338,notification-burst,1985,200,5.970,
2026-08-17T16:41:43.698Z,45350,notification-burst,1986,200,7.795,
2026-08-17T16:41:43.707Z,45359,notification-burst,1987,200,6.093,
2026-08-17T16:41:43.721Z,45373,notification-burst,1988,200,6.518,
2026-08-17T16:41:43.731Z,45383,notification-burst,1989,200,6.178,
2026-08-17T16:41:43.745Z,45397,notification-burst,1990,200,8.315,
2026-08-17T16:41:43.752Z,45404,notification-burst,1991,200,5.529,
2026-08-17T16:41:43.763Z,45415,notification-burst,1992,200,6.477,
2026-08-17T16:41:43.775Z,45427,notification-burst,1993,200,6.455,
2026-08-17T16:41:43.786Z,45438,notification-burst,1994,200,6.514,
2026-08-17T16:41:43.801Z,45453,notification-burst,1995,200,7.054,
2026-08-17T16:41:43.813Z,45465,notification-burst,1996,200,6.825,
2026-08-17T16:41:43.820Z,45472,notification-burst,1997,200,5.975,
2026-08-17T16:41:43.836Z,45488,notification-burst,1998,200,8.420,
2026-08-17T16:41:43.842Z,45494,notification-burst,1999,200,5.899,
2026-08-17T16:41:43.858Z,45510,notification-burst,2000,200,6.259,
2026-08-17T16:41:43.861Z,45513,notification-burst,2001,200,6.296,
2026-08-17T16:41:43.876Z,45528,notification-burst,2002,200,7.325,
2026-08-17T16:41:43.882Z,45534,notification-burst,2003,200,6.536,
2026-08-17T16:41:43.893Z,45545,notification-burst,2004,200,6.485,
2026-08-17T16:41:43.914Z,45566,notification-burst,2005,200,6.676,
2026-08-17T16:41:43.919Z,45571,notification-burst,2006,200,6.254,
2026-08-17T16:41:43.928Z,45580,notification-burst,2007,200,6.309,
2026-08-17T16:41:43.942Z,45594,notification-burst,2008,200,6.250,
2026-08-17T16:41:43.953Z,45605,notification-burst,2009,200,6.068,
2026-08-17T16:41:43.968Z,45620,notification-burst,2010,200,6.599,
2026-08-17T16:41:43.975Z,45627,notification-burst,2011,200,5.860,
2026-08-17T16:41:43.986Z,45638,notification-burst,2012,200,7.673,
2026-08-17T16:41:43.993Z,45645,notification-burst,2013,200,5.961,
2026-08-17T16:41:44.010Z,45662,notification-burst,2014,200,5.807,
2026-08-17T16:41:44.016Z,45668,notification-burst,2015,200,5.838,
2026-08-17T16:41:44.033Z,45685,notification-burst,2016,200,7.385,
2026-08-17T16:41:44.045Z,45697,notification-burst,2017,200,9.888,
2026-08-17T16:41:44.050Z,45702,notification-burst,2018,200,7.562,
2026-08-17T16:41:44.067Z,45719,notification-burst,2019,200,6.860,
2026-08-17T16:41:44.077Z,45729,notification-burst,2020,200,6.280,
2026-08-17T16:41:44.084Z,45736,notification-burst,2021,200,7.541,
2026-08-17T16:41:44.099Z,45751,notification-burst,2022,200,7.864,
2026-08-17T16:41:44.107Z,45759,notification-burst,2023,200,6.018,
2026-08-17T16:41:44.117Z,45769,notification-burst,2024,200,7.433,
2026-08-17T16:41:44.128Z,45780,notification-burst,2025,200,6.412,
2026-08-17T16:41:44.145Z,45797,notification-burst,2026,200,6.552,
2026-08-17T16:41:44.152Z,45804,notification-burst,2027,200,5.766,
2026-08-17T16:41:44.163Z,45815,notification-burst,2028,200,5.759,
2026-08-17T16:41:44.171Z,45823,notification-burst,2029,200,5.397,
2026-08-17T16:41:44.186Z,45838,notification-burst,2030,200,5.612,
2026-08-17T16:41:44.199Z,45851,notification-burst,2031,200,5.339,
2026-08-17T16:41:44.209Z,45861,notification-burst,2032,200,5.915,
2026-08-17T16:41:44.216Z,45868,notification-burst,2033,200,5.226,
2026-08-17T16:41:44.230Z,45882,notification-burst,2034,200,5.517,
2026-08-17T16:41:44.244Z,45896,notification-burst,2035,200,5.488,
2026-08-17T16:41:44.256Z,45908,notification-burst,2036,200,5.872,
2026-08-17T16:41:44.263Z,45915,notification-burst,2037,200,5.909,
2026-08-17T16:41:44.272Z,45924,notification-burst,2038,200,5.972,
2026-08-17T16:41:44.283Z,45935,notification-burst,2039,200,6.345,
2026-08-17T16:41:44.294Z,45946,notification-burst,2040,200,5.440,
2026-08-17T16:41:44.310Z,45962,notification-burst,2041,200,5.760,
2026-08-17T16:41:44.318Z,45970,notification-burst,2042,200,6.478,
2026-08-17T16:41:44.332Z,45984,notification-burst,2043,200,7.111,
2026-08-17T16:41:44.339Z,45991,notification-burst,2044,200,10.736,
2026-08-17T16:41:44.351Z,46003,notification-burst,2045,200,5.991,
2026-08-17T16:41:44.364Z,46016,notification-burst,2046,200,6.016,
2026-08-17T16:41:44.377Z,46029,notification-burst,2047,200,6.563,
2026-08-17T16:41:44.386Z,46038,notification-burst,2048,200,5.782,
2026-08-17T16:41:44.398Z,46050,notification-burst,2049,200,5.461,
2026-08-17T16:41:44.407Z,46059,notification-burst,2050,200,5.646,
2026-08-17T16:41:44.424Z,46076,notification-burst,2051,200,7.987,
2026-08-17T16:41:44.434Z,46086,notification-burst,2052,200,6.982,
2026-08-17T16:41:44.441Z,46093,notification-burst,2053,200,6.270,
2026-08-17T16:41:44.456Z,46108,notification-burst,2054,200,6.419,
2026-08-17T16:41:44.466Z,46118,notification-burst,2055,200,6.305,
2026-08-17T16:41:44.472Z,46124,notification-burst,2056,200,6.144,
2026-08-17T16:41:44.487Z,46139,notification-burst,2057,200,5.829,
2026-08-17T16:41:44.502Z,46154,notification-burst,2058,200,5.904,
2026-08-17T16:41:44.512Z,46164,notification-burst,2059,200,5.621,
2026-08-17T16:41:44.517Z,46169,notification-burst,2060,200,5.288,
2026-08-17T16:41:44.535Z,46187,notification-burst,2061,200,5.550,
2026-08-17T16:41:44.540Z,46192,notification-burst,2062,200,5.645,
2026-08-17T16:41:44.554Z,46206,notification-burst,2063,200,6.212,
2026-08-17T16:41:44.560Z,46212,notification-burst,2064,200,5.505,
2026-08-17T16:41:44.571Z,46223,notification-burst,2065,200,8.164,
2026-08-17T16:41:44.582Z,46234,notification-burst,2066,200,5.816,
2026-08-17T16:41:44.596Z,46248,notification-burst,2067,200,6.469,
2026-08-17T16:41:44.607Z,46259,notification-burst,2068,200,6.357,
2026-08-17T16:41:44.623Z,46275,notification-burst,2069,200,6.027,
2026-08-17T16:41:44.632Z,46284,notification-burst,2070,200,5.240,
2026-08-17T16:41:44.644Z,46296,notification-burst,2071,200,6.305,
2026-08-17T16:41:44.648Z,46300,notification-burst,2072,200,6.056,
2026-08-17T16:41:44.665Z,46317,notification-burst,2073,200,6.279,
2026-08-17T16:41:44.675Z,46327,notification-burst,2074,200,6.312,
2026-08-17T16:41:44.687Z,46339,notification-burst,2075,200,7.029,
2026-08-17T16:41:44.694Z,46346,notification-burst,2076,200,5.848,
2026-08-17T16:41:44.707Z,46359,notification-burst,2077,200,7.167,
2026-08-17T16:41:44.715Z,46367,notification-burst,2078,200,7.888,
2026-08-17T16:41:44.732Z,46384,notification-burst,2079,200,6.767,
2026-08-17T16:41:44.745Z,46397,notification-burst,2080,200,8.937,
2026-08-17T16:41:44.754Z,46406,notification-burst,2081,200,5.641,
2026-08-17T16:41:44.764Z,46416,notification-burst,2082,200,6.398,
2026-08-17T16:41:44.774Z,46426,notification-burst,2083,200,6.846,
2026-08-17T16:41:44.784Z,46436,notification-burst,2084,200,7.173,
2026-08-17T16:41:44.797Z,46449,notification-burst,2085,200,6.168,
2026-08-17T16:41:44.808Z,46460,notification-burst,2086,200,5.509,
2026-08-17T16:41:44.817Z,46469,notification-burst,2087,200,5.686,
2026-08-17T16:41:44.833Z,46485,notification-burst,2088,200,6.185,
2026-08-17T16:41:44.843Z,46495,notification-burst,2089,200,5.794,
2026-08-17T16:41:44.858Z,46510,notification-burst,2090,200,6.632,
2026-08-17T16:41:44.865Z,46517,notification-burst,2091,200,6.395,
2026-08-17T16:41:44.873Z,46525,notification-burst,2092,200,6.200,
2026-08-17T16:41:44.887Z,46539,notification-burst,2093,200,7.952,
2026-08-17T16:41:44.897Z,46549,notification-burst,2094,200,6.388,
2026-08-17T16:41:44.907Z,46559,notification-burst,2095,200,5.663,
2026-08-17T16:41:44.920Z,46572,notification-burst,2096,200,6.380,
2026-08-17T16:41:44.932Z,46584,notification-burst,2097,200,5.712,
2026-08-17T16:41:44.945Z,46597,notification-burst,2098,200,6.271,
2026-08-17T16:41:44.957Z,46609,notification-burst,2099,200,6.233,
2026-08-17T16:41:44.969Z,46621,notification-burst,2100,200,6.048,
2026-08-17T16:41:44.974Z,46626,notification-burst,2101,200,5.857,
2026-08-17T16:41:44.986Z,46638,notification-burst,2102,200,6.015,
2026-08-17T16:41:45.002Z,46654,notification-burst,2103,200,6.172,
2026-08-17T16:41:45.012Z,46664,notification-burst,2104,200,6.933,
2026-08-17T16:41:45.017Z,46669,notification-burst,2105,200,8.103,
2026-08-17T16:41:45.030Z,46682,notification-burst,2106,200,6.352,
2026-08-17T16:41:45.037Z,46689,notification-burst,2107,200,6.026,
2026-08-17T16:41:45.054Z,46706,notification-burst,2108,200,6.100,
2026-08-17T16:41:45.065Z,46717,notification-burst,2109,200,6.428,
2026-08-17T16:41:45.075Z,46727,notification-burst,2110,200,5.875,
2026-08-17T16:41:45.088Z,46740,notification-burst,2111,200,6.385,
2026-08-17T16:41:45.098Z,46750,notification-burst,2112,200,5.663,
2026-08-17T16:41:45.111Z,46763,notification-burst,2113,200,6.817,
2026-08-17T16:41:45.123Z,46775,notification-burst,2114,200,6.016,
2026-08-17T16:41:45.134Z,46786,notification-burst,2115,200,5.975,
2026-08-17T16:41:45.142Z,46794,notification-burst,2116,200,6.173,
2026-08-17T16:41:45.151Z,46803,notification-burst,2117,200,7.917,
2026-08-17T16:41:45.163Z,46815,notification-burst,2118,200,8.424,
2026-08-17T16:41:45.174Z,46826,notification-burst,2119,200,6.546,
2026-08-17T16:41:45.186Z,46838,notification-burst,2120,200,6.676,
2026-08-17T16:41:45.200Z,46852,notification-burst,2121,200,6.934,
2026-08-17T16:41:45.206Z,46858,notification-burst,2122,200,5.725,
2026-08-17T16:41:45.221Z,46873,notification-burst,2123,200,7.276,
2026-08-17T16:41:45.231Z,46883,notification-burst,2124,200,6.041,
2026-08-17T16:41:45.243Z,46895,notification-burst,2125,200,6.564,
2026-08-17T16:41:45.254Z,46906,notification-burst,2126,200,5.685,
2026-08-17T16:41:45.265Z,46917,notification-burst,2127,200,5.997,
2026-08-17T16:41:45.279Z,46931,notification-burst,2128,200,5.855,
2026-08-17T16:41:45.290Z,46942,notification-burst,2129,200,5.863,
2026-08-17T16:41:45.302Z,46954,notification-burst,2130,200,6.053,
2026-08-17T16:41:45.309Z,46961,notification-burst,2131,200,5.610,
2026-08-17T16:41:45.323Z,46975,notification-burst,2132,200,8.637,
2026-08-17T16:41:45.328Z,46980,notification-burst,2133,200,6.039,
2026-08-17T16:41:45.345Z,46997,notification-burst,2134,200,6.542,
2026-08-17T16:41:45.350Z,47002,notification-burst,2135,200,5.998,
2026-08-17T16:41:45.362Z,47014,notification-burst,2136,200,6.138,
2026-08-17T16:41:45.378Z,47030,notification-burst,2137,200,6.291,
2026-08-17T16:41:45.388Z,47040,notification-burst,2138,200,5.856,
2026-08-17T16:41:45.400Z,47052,notification-burst,2139,200,5.766,
2026-08-17T16:41:45.406Z,47058,notification-burst,2140,200,5.471,
2026-08-17T16:41:45.419Z,47071,notification-burst,2141,200,5.617,
2026-08-17T16:41:45.429Z,47081,notification-burst,2142,200,6.095,
2026-08-17T16:41:45.440Z,47092,notification-burst,2143,200,6.391,
2026-08-17T16:41:45.455Z,47107,notification-burst,2144,200,5.778,
2026-08-17T16:41:45.467Z,47119,notification-burst,2145,200,7.280,
2026-08-17T16:41:45.474Z,47126,notification-burst,2146,200,6.023,
2026-08-17T16:41:45.486Z,47138,notification-burst,2147,200,6.086,
2026-08-17T16:41:45.494Z,47146,notification-burst,2148,200,6.081,
2026-08-17T16:41:45.509Z,47161,notification-burst,2149,200,6.192,
2026-08-17T16:41:45.522Z,47174,notification-burst,2150,200,6.206,
2026-08-17T16:41:45.528Z,47180,notification-burst,2151,200,5.438,
2026-08-17T16:41:45.541Z,47193,notification-burst,2152,200,5.720,
2026-08-17T16:41:45.557Z,47209,notification-burst,2153,200,6.615,
2026-08-17T16:41:45.560Z,47212,notification-burst,2154,200,5.791,
2026-08-17T16:41:45.572Z,47224,notification-burst,2155,200,5.928,
2026-08-17T16:41:45.582Z,47234,notification-burst,2156,200,6.670,
2026-08-17T16:41:45.601Z,47253,notification-burst,2157,200,6.152,
2026-08-17T16:41:45.605Z,47257,notification-burst,2158,200,6.284,
2026-08-17T16:41:45.623Z,47275,notification-burst,2159,200,8.730,
2026-08-17T16:41:45.628Z,47280,notification-burst,2160,200,6.096,
2026-08-17T16:41:45.639Z,47291,notification-burst,2161,200,6.259,
2026-08-17T16:41:45.654Z,47306,notification-burst,2162,200,6.515,
2026-08-17T16:41:45.666Z,47318,notification-burst,2163,200,16.019,
2026-08-17T16:41:45.676Z,47328,notification-burst,2164,200,5.703,
2026-08-17T16:41:45.690Z,47342,notification-burst,2165,200,6.348,
2026-08-17T16:41:45.696Z,47348,notification-burst,2166,200,5.680,
2026-08-17T16:41:45.704Z,47356,notification-burst,2167,200,5.971,
2026-08-17T16:41:45.722Z,47374,notification-burst,2168,200,5.675,
2026-08-17T16:41:45.731Z,47383,notification-burst,2169,200,5.196,
2026-08-17T16:41:45.744Z,47396,notification-burst,2170,200,5.254,
2026-08-17T16:41:45.752Z,47404,notification-burst,2171,200,8.088,
2026-08-17T16:41:45.765Z,47417,notification-burst,2172,200,5.233,
2026-08-17T16:41:45.779Z,47431,notification-burst,2173,200,5.677,
2026-08-17T16:41:45.786Z,47438,notification-burst,2174,200,5.034,
2026-08-17T16:41:45.796Z,47448,notification-burst,2175,200,5.986,
2026-08-17T16:41:45.806Z,47458,notification-burst,2176,200,5.789,
2026-08-17T16:41:45.824Z,47476,notification-burst,2177,200,5.817,
2026-08-17T16:41:45.830Z,47482,notification-burst,2178,200,5.112,
2026-08-17T16:41:45.840Z,47492,notification-burst,2179,200,5.091,
2026-08-17T16:41:45.857Z,47509,notification-burst,2180,200,5.240,
2026-08-17T16:41:45.861Z,47513,notification-burst,2181,200,5.164,
2026-08-17T16:41:45.877Z,47529,notification-burst,2182,200,5.544,
2026-08-17T16:41:45.887Z,47539,notification-burst,2183,200,5.479,
2026-08-17T16:41:45.897Z,47549,notification-burst,2184,200,5.230,
2026-08-17T16:41:45.904Z,47556,notification-burst,2185,200,6.818,
2026-08-17T16:41:45.923Z,47575,notification-burst,2186,200,6.358,
2026-08-17T16:41:45.929Z,47581,notification-burst,2187,200,6.291,
2026-08-17T16:41:45.941Z,47593,notification-burst,2188,200,6.164,
2026-08-17T16:41:45.954Z,47606,notification-burst,2189,200,5.831,
2026-08-17T16:41:45.968Z,47620,notification-burst,2190,200,6.226,
2026-08-17T16:41:45.975Z,47627,notification-burst,2191,200,5.533,
2026-08-17T16:41:45.985Z,47637,notification-burst,2192,200,5.162,
2026-08-17T16:41:45.995Z,47647,notification-burst,2193,200,5.690,
2026-08-17T16:41:46.006Z,47658,notification-burst,2194,200,5.671,
2026-08-17T16:41:46.016Z,47668,notification-burst,2195,200,5.628,
2026-08-17T16:41:46.029Z,47681,notification-burst,2196,200,7.264,
2026-08-17T16:41:46.045Z,47697,notification-burst,2197,200,6.022,
2026-08-17T16:41:46.051Z,47703,notification-burst,2198,200,5.216,
2026-08-17T16:41:46.060Z,47712,notification-burst,2199,200,5.627,
2026-08-17T16:41:46.076Z,47728,notification-burst,2200,200,5.588,
2026-08-17T16:41:46.086Z,47738,notification-burst,2201,200,5.520,
2026-08-17T16:41:46.102Z,47754,notification-burst,2202,200,6.092,
2026-08-17T16:41:46.111Z,47763,notification-burst,2203,200,5.343,
2026-08-17T16:41:46.124Z,47776,notification-burst,2204,200,6.042,
2026-08-17T16:41:46.129Z,47781,notification-burst,2205,200,6.232,
2026-08-17T16:41:46.145Z,47797,notification-burst,2206,200,7.600,
2026-08-17T16:41:46.150Z,47802,notification-burst,2207,200,6.027,
2026-08-17T16:41:46.168Z,47820,notification-burst,2208,200,6.856,
2026-08-17T16:41:46.179Z,47831,notification-burst,2209,200,5.959,
2026-08-17T16:41:46.187Z,47839,notification-burst,2210,200,5.444,
2026-08-17T16:41:46.200Z,47852,notification-burst,2211,200,5.661,
2026-08-17T16:41:46.212Z,47864,notification-burst,2212,200,6.799,
2026-08-17T16:41:46.221Z,47873,notification-burst,2213,200,5.917,
2026-08-17T16:41:46.233Z,47885,notification-burst,2214,200,6.011,
2026-08-17T16:41:46.238Z,47890,notification-burst,2215,200,5.691,
2026-08-17T16:41:46.254Z,47906,notification-burst,2216,200,5.979,
2026-08-17T16:41:46.260Z,47912,notification-burst,2217,200,6.402,
2026-08-17T16:41:46.273Z,47925,notification-burst,2218,200,5.727,
2026-08-17T16:41:46.285Z,47937,notification-burst,2219,200,5.765,
2026-08-17T16:41:46.296Z,47948,notification-burst,2220,200,5.975,
2026-08-17T16:41:46.309Z,47961,notification-burst,2221,200,5.813,
2026-08-17T16:41:46.320Z,47972,notification-burst,2222,200,5.961,
2026-08-17T16:41:46.333Z,47985,notification-burst,2223,200,7.644,
2026-08-17T16:41:46.338Z,47990,notification-burst,2224,200,5.885,
2026-08-17T16:41:46.348Z,48000,notification-burst,2225,200,6.423,
2026-08-17T16:41:46.363Z,48015,notification-burst,2226,200,5.933,
2026-08-17T16:41:46.372Z,48024,notification-burst,2227,200,5.844,
2026-08-17T16:41:46.388Z,48040,notification-burst,2228,200,5.910,
2026-08-17T16:41:46.402Z,48054,notification-burst,2229,200,5.564,
2026-08-17T16:41:46.412Z,48064,notification-burst,2230,200,6.093,
2026-08-17T16:41:46.416Z,48068,notification-burst,2231,200,5.328,
2026-08-17T16:41:46.432Z,48084,notification-burst,2232,200,5.641,
2026-08-17T16:41:46.439Z,48091,notification-burst,2233,200,5.548,
2026-08-17T16:41:46.458Z,48110,notification-burst,2234,200,6.009,
2026-08-17T16:41:46.464Z,48116,notification-burst,2235,200,5.840,
2026-08-17T16:41:46.475Z,48127,notification-burst,2236,200,6.445,
2026-08-17T16:41:46.490Z,48142,notification-burst,2237,200,6.031,
2026-08-17T16:41:46.500Z,48152,notification-burst,2238,200,5.564,
2026-08-17T16:41:46.506Z,48158,notification-burst,2239,200,6.974,
2026-08-17T16:41:46.520Z,48172,notification-burst,2240,200,5.702,
2026-08-17T16:41:46.535Z,48187,notification-burst,2241,200,6.092,
2026-08-17T16:41:46.546Z,48198,notification-burst,2242,200,5.652,
2026-08-17T16:41:46.550Z,48202,notification-burst,2243,200,5.406,
2026-08-17T16:41:46.569Z,48221,notification-burst,2244,200,6.592,
2026-08-17T16:41:46.579Z,48231,notification-burst,2245,200,5.278,
2026-08-17T16:41:46.584Z,48236,notification-burst,2246,200,5.622,
2026-08-17T16:41:46.598Z,48250,notification-burst,2247,200,6.398,
2026-08-17T16:41:46.609Z,48261,notification-burst,2248,200,5.933,
2026-08-17T16:41:46.623Z,48275,notification-burst,2249,200,5.524,
2026-08-17T16:41:46.632Z,48284,notification-burst,2250,200,5.629,
2026-08-17T16:41:46.644Z,48296,notification-burst,2251,200,5.324,
2026-08-17T16:41:46.652Z,48304,notification-burst,2252,200,5.191,
2026-08-17T16:41:46.661Z,48313,notification-burst,2253,200,5.554,
2026-08-17T16:41:46.676Z,48328,notification-burst,2254,200,6.277,
2026-08-17T16:41:46.683Z,48335,notification-burst,2255,200,5.677,
2026-08-17T16:41:46.699Z,48351,notification-burst,2256,200,5.572,
2026-08-17T16:41:46.706Z,48358,notification-burst,2257,200,5.875,
2026-08-17T16:41:46.720Z,48372,notification-burst,2258,200,5.681,
2026-08-17T16:41:46.726Z,48378,notification-burst,2259,200,5.603,
2026-08-17T16:41:46.746Z,48398,notification-burst,2260,200,5.989,
2026-08-17T16:41:46.757Z,48409,notification-burst,2261,200,7.822,
2026-08-17T16:41:46.766Z,48418,notification-burst,2262,200,5.757,
2026-08-17T16:41:46.772Z,48424,notification-burst,2263,200,5.506,
2026-08-17T16:41:46.791Z,48443,notification-burst,2264,200,5.636,
2026-08-17T16:41:46.799Z,48451,notification-burst,2265,200,5.032,
2026-08-17T16:41:46.808Z,48460,notification-burst,2266,200,6.936,
2026-08-17T16:41:46.818Z,48470,notification-burst,2267,200,6.283,
2026-08-17T16:41:46.830Z,48482,notification-burst,2268,200,6.170,
2026-08-17T16:41:46.841Z,48493,notification-burst,2269,200,5.429,
2026-08-17T16:41:46.853Z,48505,notification-burst,2270,200,5.446,
2026-08-17T16:41:46.868Z,48520,notification-burst,2271,200,7.275,
2026-08-17T16:41:46.871Z,48523,notification-burst,2272,200,6.135,
2026-08-17T16:41:46.885Z,48537,notification-burst,2273,200,6.441,
2026-08-17T16:41:46.893Z,48545,notification-burst,2274,200,5.842,
2026-08-17T16:41:46.905Z,48557,notification-burst,2275,200,5.944,
2026-08-17T16:41:46.924Z,48576,notification-burst,2276,200,7.531,
2026-08-17T16:41:46.931Z,48583,notification-burst,2277,200,5.858,
2026-08-17T16:41:46.939Z,48591,notification-burst,2278,200,5.939,
2026-08-17T16:41:46.957Z,48609,notification-burst,2279,200,6.894,
2026-08-17T16:41:46.964Z,48616,notification-burst,2280,200,5.955,
2026-08-17T16:41:46.978Z,48630,notification-burst,2281,200,5.848,
2026-08-17T16:41:46.991Z,48643,notification-burst,2282,200,5.910,
2026-08-17T16:41:46.997Z,48649,notification-burst,2283,200,5.780,
2026-08-17T16:41:47.012Z,48664,notification-burst,2284,200,6.076,
2026-08-17T16:41:47.019Z,48671,notification-burst,2285,200,5.565,
2026-08-17T16:41:47.031Z,48683,notification-burst,2286,200,5.876,
2026-08-17T16:41:47.042Z,48694,notification-burst,2287,200,6.186,
2026-08-17T16:41:47.055Z,48707,notification-burst,2288,200,6.294,
2026-08-17T16:41:47.067Z,48719,notification-burst,2289,200,6.110,
2026-08-17T16:41:47.075Z,48727,notification-burst,2290,200,6.041,
2026-08-17T16:41:47.090Z,48742,notification-burst,2291,200,6.312,
2026-08-17T16:41:47.101Z,48753,notification-burst,2292,200,7.551,
2026-08-17T16:41:47.111Z,48763,notification-burst,2293,200,14.061,
2026-08-17T16:41:47.125Z,48777,notification-burst,2294,200,8.910,
2026-08-17T16:41:47.132Z,48784,notification-burst,2295,200,6.320,
2026-08-17T16:41:47.139Z,48791,notification-burst,2296,200,5.749,
2026-08-17T16:41:47.155Z,48807,notification-burst,2297,200,7.708,
2026-08-17T16:41:47.167Z,48819,notification-burst,2298,200,7.285,
2026-08-17T16:41:47.179Z,48831,notification-burst,2299,200,6.824,
2026-08-17T16:41:47.189Z,48841,notification-burst,2300,200,6.603,
2026-08-17T16:41:47.199Z,48851,notification-burst,2301,200,6.539,
2026-08-17T16:41:47.211Z,48863,notification-burst,2302,200,6.488,
2026-08-17T16:41:47.220Z,48872,notification-burst,2303,200,5.649,
2026-08-17T16:41:47.234Z,48886,notification-burst,2304,200,6.593,
2026-08-17T16:41:47.238Z,48890,notification-burst,2305,200,5.735,
2026-08-17T16:41:47.257Z,48909,notification-burst,2306,200,6.773,
2026-08-17T16:41:47.269Z,48921,notification-burst,2307,200,6.702,
2026-08-17T16:41:47.272Z,48924,notification-burst,2308,200,7.074,
2026-08-17T16:41:47.291Z,48943,notification-burst,2309,200,7.118,
2026-08-17T16:41:47.296Z,48948,notification-burst,2310,200,5.820,
2026-08-17T16:41:47.305Z,48957,notification-burst,2311,200,5.682,
2026-08-17T16:41:47.320Z,48972,notification-burst,2312,200,6.667,
2026-08-17T16:41:47.329Z,48981,notification-burst,2313,200,7.101,
2026-08-17T16:41:47.346Z,48998,notification-burst,2314,200,9.847,
2026-08-17T16:41:47.350Z,49002,notification-burst,2315,200,7.993,
2026-08-17T16:41:47.366Z,49018,notification-burst,2316,200,7.131,
2026-08-17T16:41:47.375Z,49027,notification-burst,2317,200,6.986,
2026-08-17T16:41:47.385Z,49037,notification-burst,2318,200,7.231,
2026-08-17T16:41:47.402Z,49054,notification-burst,2319,200,7.965,
2026-08-17T16:41:47.413Z,49065,notification-burst,2320,200,6.278,
2026-08-17T16:41:47.424Z,49076,notification-burst,2321,200,7.011,
2026-08-17T16:41:47.432Z,49084,notification-burst,2322,200,5.752,
2026-08-17T16:41:47.446Z,49098,notification-burst,2323,200,6.896,
2026-08-17T16:41:47.455Z,49107,notification-burst,2324,200,6.225,
2026-08-17T16:41:47.467Z,49119,notification-burst,2325,200,6.424,
2026-08-17T16:41:47.479Z,49131,notification-burst,2326,200,6.793,
2026-08-17T16:41:47.482Z,49134,notification-burst,2327,200,5.545,
2026-08-17T16:41:47.497Z,49149,notification-burst,2328,200,5.883,
2026-08-17T16:41:47.507Z,49159,notification-burst,2329,200,6.664,
2026-08-17T16:41:47.517Z,49169,notification-burst,2330,200,5.996,
2026-08-17T16:41:47.532Z,49184,notification-burst,2331,200,6.278,
2026-08-17T16:41:47.545Z,49197,notification-burst,2332,200,6.353,
2026-08-17T16:41:47.551Z,49203,notification-burst,2333,200,5.623,
2026-08-17T16:41:47.563Z,49215,notification-burst,2334,200,8.873,
2026-08-17T16:41:47.571Z,49223,notification-burst,2335,200,6.336,
2026-08-17T16:41:47.586Z,49238,notification-burst,2336,200,6.225,
2026-08-17T16:41:47.595Z,49247,notification-burst,2337,200,6.402,
2026-08-17T16:41:47.610Z,49262,notification-burst,2338,200,7.021,
2026-08-17T16:41:47.619Z,49271,notification-burst,2339,200,6.385,
2026-08-17T16:41:47.632Z,49284,notification-burst,2340,200,6.769,
2026-08-17T16:41:47.638Z,49290,notification-burst,2341,200,6.843,
2026-08-17T16:41:47.656Z,49308,notification-burst,2342,200,6.009,
2026-08-17T16:41:47.668Z,49320,notification-burst,2343,200,5.576,
2026-08-17T16:41:47.678Z,49330,notification-burst,2344,200,5.918,
2026-08-17T16:41:47.684Z,49336,notification-burst,2345,200,5.643,
2026-08-17T16:41:47.694Z,49346,notification-burst,2346,200,7.116,
2026-08-17T16:41:47.709Z,49361,notification-burst,2347,200,6.410,
2026-08-17T16:41:47.718Z,49370,notification-burst,2348,200,6.484,
2026-08-17T16:41:47.732Z,49384,notification-burst,2349,200,6.280,
2026-08-17T16:41:47.738Z,49390,notification-burst,2350,200,5.120,
2026-08-17T16:41:47.755Z,49407,notification-burst,2351,200,7.426,
2026-08-17T16:41:47.761Z,49413,notification-burst,2352,200,5.792,
2026-08-17T16:41:47.774Z,49426,notification-burst,2353,200,6.838,
2026-08-17T16:41:47.782Z,49434,notification-burst,2354,200,5.703,
2026-08-17T16:41:47.796Z,49448,notification-burst,2355,200,6.185,
2026-08-17T16:41:47.808Z,49460,notification-burst,2356,200,5.863,
2026-08-17T16:41:47.824Z,49476,notification-burst,2357,200,6.224,
2026-08-17T16:41:47.833Z,49485,notification-burst,2358,200,5.715,
2026-08-17T16:41:47.840Z,49492,notification-burst,2359,200,5.617,
2026-08-17T16:41:47.850Z,49502,notification-burst,2360,200,6.849,
2026-08-17T16:41:47.867Z,49519,notification-burst,2361,200,6.382,
2026-08-17T16:41:47.876Z,49528,notification-burst,2362,200,6.594,
2026-08-17T16:41:47.883Z,49535,notification-burst,2363,200,5.745,
2026-08-17T16:41:47.902Z,49554,notification-burst,2364,200,6.157,
2026-08-17T16:41:47.907Z,49559,notification-burst,2365,200,5.673,
2026-08-17T16:41:47.921Z,49573,notification-burst,2366,200,5.877,
2026-08-17T16:41:47.929Z,49581,notification-burst,2367,200,6.085,
2026-08-17T16:41:47.939Z,49591,notification-burst,2368,200,5.778,
2026-08-17T16:41:47.956Z,49608,notification-burst,2369,200,6.146,
2026-08-17T16:41:47.961Z,49613,notification-burst,2370,200,5.599,
2026-08-17T16:41:47.976Z,49628,notification-burst,2371,200,5.761,
2026-08-17T16:41:47.983Z,49635,notification-burst,2372,200,5.519,
2026-08-17T16:41:47.998Z,49650,notification-burst,2373,200,7.742,
2026-08-17T16:41:48.008Z,49660,notification-burst,2374,200,5.744,
2026-08-17T16:41:48.024Z,49676,notification-burst,2375,200,6.078,
2026-08-17T16:41:48.030Z,49682,notification-burst,2376,200,5.764,
2026-08-17T16:41:48.044Z,49696,notification-burst,2377,200,5.887,
2026-08-17T16:41:48.055Z,49707,notification-burst,2378,200,5.822,
2026-08-17T16:41:48.062Z,49714,notification-burst,2379,200,5.559,
2026-08-17T16:41:48.076Z,49728,notification-burst,2380,200,6.446,
2026-08-17T16:41:48.089Z,49741,notification-burst,2381,200,6.771,
2026-08-17T16:41:48.093Z,49745,notification-burst,2382,200,5.944,
2026-08-17T16:41:48.110Z,49762,notification-burst,2383,200,5.838,
2026-08-17T16:41:48.121Z,49773,notification-burst,2384,200,6.279,
2026-08-17T16:41:48.129Z,49781,notification-burst,2385,200,6.455,
2026-08-17T16:41:48.143Z,49795,notification-burst,2386,200,6.314,
2026-08-17T16:41:48.151Z,49803,notification-burst,2387,200,6.213,
2026-08-17T16:41:48.163Z,49815,notification-burst,2388,200,5.908,
2026-08-17T16:41:48.178Z,49830,notification-burst,2389,200,5.862,
2026-08-17T16:41:48.187Z,49839,notification-burst,2390,200,7.624,
2026-08-17T16:41:48.199Z,49851,notification-burst,2391,200,6.177,
2026-08-17T16:41:48.206Z,49858,notification-burst,2392,200,5.632,
2026-08-17T16:41:48.224Z,49876,notification-burst,2393,200,7.353,
2026-08-17T16:41:48.231Z,49883,notification-burst,2394,200,5.737,
2026-08-17T16:41:48.241Z,49893,notification-burst,2395,200,6.007,
2026-08-17T16:41:48.251Z,49903,notification-burst,2396,200,6.315,
2026-08-17T16:41:48.267Z,49919,notification-burst,2397,200,6.351,
2026-08-17T16:41:48.272Z,49924,notification-burst,2398,200,6.010,
2026-08-17T16:41:48.287Z,49939,notification-burst,2399,200,7.854,
2026-08-17T16:41:48.302Z,49954,notification-burst,2400,200,7.758,
2026-08-17T16:41:48.309Z,49961,notification-burst,2401,200,5.508,
2026-08-17T16:41:48.322Z,49974,notification-burst,2402,200,5.549,
2026-08-17T16:41:48.329Z,49981,notification-burst,2403,200,5.646,
2026-08-17T16:41:48.338Z,49990,notification-burst,2404,200,5.638,
2026-08-17T16:41:48.353Z,50005,notification-burst,2405,200,6.101,
2026-08-17T16:41:48.364Z,50016,notification-burst,2406,200,6.866,
2026-08-17T16:41:48.372Z,50024,notification-burst,2407,200,5.554,
2026-08-17T16:41:48.391Z,50043,notification-burst,2408,200,6.018,
2026-08-17T16:41:48.399Z,50051,notification-burst,2409,200,5.889,
2026-08-17T16:41:48.409Z,50061,notification-burst,2410,200,5.423,
2026-08-17T16:41:48.421Z,50073,notification-burst,2411,200,6.693,
2026-08-17T16:41:48.428Z,50080,notification-burst,2412,200,5.523,
2026-08-17T16:41:48.445Z,50097,notification-burst,2413,200,5.921,
2026-08-17T16:41:48.453Z,50105,notification-burst,2414,200,6.072,
2026-08-17T16:41:48.463Z,50115,notification-burst,2415,200,7.715,
2026-08-17T16:41:48.476Z,50128,notification-burst,2416,200,5.778,
2026-08-17T16:41:48.483Z,50135,notification-burst,2417,200,5.864,
2026-08-17T16:41:48.494Z,50146,notification-burst,2418,200,5.887,
2026-08-17T16:41:48.508Z,50160,notification-burst,2419,200,5.904,
2026-08-17T16:41:48.524Z,50176,notification-burst,2420,200,6.330,
2026-08-17T16:41:48.535Z,50187,notification-burst,2421,200,6.715,
2026-08-17T16:41:48.541Z,50193,notification-burst,2422,200,6.186,
2026-08-17T16:41:48.550Z,50202,notification-burst,2423,200,6.102,
2026-08-17T16:41:48.562Z,50214,notification-burst,2424,200,5.535,
2026-08-17T16:41:48.577Z,50229,notification-burst,2425,200,6.570,
2026-08-17T16:41:48.584Z,50236,notification-burst,2426,200,5.826,
2026-08-17T16:41:48.598Z,50250,notification-burst,2427,200,8.091,
2026-08-17T16:41:48.606Z,50258,notification-burst,2428,200,5.743,
2026-08-17T16:41:48.618Z,50270,notification-burst,2429,200,6.644,
2026-08-17T16:41:48.635Z,50287,notification-burst,2430,200,6.892,
2026-08-17T16:41:48.641Z,50293,notification-burst,2431,200,5.744,
2026-08-17T16:41:48.651Z,50303,notification-burst,2432,200,6.041,
2026-08-17T16:41:48.667Z,50319,notification-burst,2433,200,5.404,
2026-08-17T16:41:48.675Z,50327,notification-burst,2434,200,5.628,
2026-08-17T16:41:48.690Z,50342,notification-burst,2435,200,5.638,
2026-08-17T16:41:48.701Z,50353,notification-burst,2436,200,5.393,
2026-08-17T16:41:48.711Z,50363,notification-burst,2437,200,5.223,
2026-08-17T16:41:48.718Z,50370,notification-burst,2438,200,5.016,
2026-08-17T16:41:48.728Z,50380,notification-burst,2439,200,5.923,
2026-08-17T16:41:48.739Z,50391,notification-burst,2440,200,5.716,
2026-08-17T16:41:48.754Z,50406,notification-burst,2441,200,5.413,
2026-08-17T16:41:48.767Z,50419,notification-burst,2442,200,5.743,
2026-08-17T16:41:48.772Z,50424,notification-burst,2443,200,7.164,
2026-08-17T16:41:48.783Z,50435,notification-burst,2444,200,7.083,
2026-08-17T16:41:48.793Z,50445,notification-burst,2445,200,7.198,
2026-08-17T16:41:48.811Z,50463,notification-burst,2446,200,5.404,
2026-08-17T16:41:48.820Z,50472,notification-burst,2447,200,5.115,
2026-08-17T16:41:48.830Z,50482,notification-burst,2448,200,5.352,
2026-08-17T16:41:48.844Z,50496,notification-burst,2449,200,5.316,
2026-08-17T16:41:48.854Z,50506,notification-burst,2450,200,5.522,
2026-08-17T16:41:48.865Z,50517,notification-burst,2451,200,6.984,
2026-08-17T16:41:48.872Z,50524,notification-burst,2452,200,6.176,
2026-08-17T16:41:48.890Z,50542,notification-burst,2453,200,8.510,
2026-08-17T16:41:48.899Z,50551,notification-burst,2454,200,5.895,
2026-08-17T16:41:48.913Z,50565,notification-burst,2455,200,5.798,
2026-08-17T16:41:48.924Z,50576,notification-burst,2456,200,6.247,
2026-08-17T16:41:48.934Z,50586,notification-burst,2457,200,6.490,
2026-08-17T16:41:48.944Z,50596,notification-burst,2458,200,6.059,
2026-08-17T16:41:48.955Z,50607,notification-burst,2459,200,5.757,
2026-08-17T16:41:48.964Z,50616,notification-burst,2460,200,5.847,
2026-08-17T16:41:48.979Z,50631,notification-burst,2461,200,6.713,
2026-08-17T16:41:48.983Z,50635,notification-burst,2462,200,6.055,
2026-08-17T16:41:49.001Z,50653,notification-burst,2463,200,7.092,
2026-08-17T16:41:49.008Z,50660,notification-burst,2464,200,6.369,
2026-08-17T16:41:49.021Z,50673,notification-burst,2465,200,5.744,
2026-08-17T16:41:49.033Z,50685,notification-burst,2466,200,15.913,
2026-08-17T16:41:49.038Z,50690,notification-burst,2467,200,15.299,
2026-08-17T16:41:49.056Z,50708,notification-burst,2468,200,6.441,
2026-08-17T16:41:49.067Z,50719,notification-burst,2469,200,6.236,
2026-08-17T16:41:49.077Z,50729,notification-burst,2470,200,6.277,
2026-08-17T16:41:49.083Z,50735,notification-burst,2471,200,5.894,
2026-08-17T16:41:49.099Z,50751,notification-burst,2472,200,7.434,
2026-08-17T16:41:49.106Z,50758,notification-burst,2473,200,7.253,
2026-08-17T16:41:49.120Z,50772,notification-burst,2474,200,6.828,
2026-08-17T16:41:49.132Z,50784,notification-burst,2475,200,8.751,
2026-08-17T16:41:49.144Z,50796,notification-burst,2476,200,9.243,
2026-08-17T16:41:49.151Z,50803,notification-burst,2477,200,11.798,
2026-08-17T16:41:49.168Z,50820,notification-burst,2478,200,9.782,
2026-08-17T16:41:49.171Z,50823,notification-burst,2479,200,7.962,
2026-08-17T16:41:49.184Z,50836,notification-burst,2480,200,8.978,
2026-08-17T16:41:49.195Z,50847,notification-burst,2481,200,5.712,
2026-08-17T16:41:49.207Z,50859,notification-burst,2482,200,5.876,
2026-08-17T16:41:49.217Z,50869,notification-burst,2483,200,6.296,
2026-08-17T16:41:49.236Z,50888,notification-burst,2484,200,6.201,
2026-08-17T16:41:49.245Z,50897,notification-burst,2485,200,5.956,
2026-08-17T16:41:49.257Z,50909,notification-burst,2486,200,6.184,
2026-08-17T16:41:49.265Z,50917,notification-burst,2487,200,6.451,
2026-08-17T16:41:49.277Z,50929,notification-burst,2488,200,6.953,
2026-08-17T16:41:49.283Z,50935,notification-burst,2489,200,6.482,
2026-08-17T16:41:49.298Z,50950,notification-burst,2490,200,7.239,
2026-08-17T16:41:49.310Z,50962,notification-burst,2491,200,6.143,
2026-08-17T16:41:49.325Z,50977,notification-burst,2492,200,6.533,
2026-08-17T16:41:49.330Z,50982,notification-burst,2493,200,5.630,
2026-08-17T16:41:49.341Z,50993,notification-burst,2494,200,5.842,
2026-08-17T16:41:49.352Z,51004,notification-burst,2495,200,5.717,
2026-08-17T16:41:49.363Z,51015,notification-burst,2496,200,8.946,
2026-08-17T16:41:49.372Z,51024,notification-burst,2497,200,7.013,
2026-08-17T16:41:49.384Z,51036,notification-burst,2498,200,6.207,
2026-08-17T16:41:49.393Z,51045,notification-burst,2499,200,6.042,
2026-08-17T16:41:49.406Z,51058,notification-burst,2500,200,7.092,
2026-08-17T16:41:49.424Z,51076,notification-burst,2501,200,6.830,
2026-08-17T16:41:49.434Z,51086,notification-burst,2502,200,7.278,
2026-08-17T16:41:49.447Z,51099,notification-burst,2503,200,6.752,
2026-08-17T16:41:49.455Z,51107,notification-burst,2504,200,5.752,
2026-08-17T16:41:49.464Z,51116,notification-burst,2505,200,5.836,
2026-08-17T16:41:49.471Z,51123,notification-burst,2506,200,6.004,
2026-08-17T16:41:49.482Z,51134,notification-burst,2507,200,8.446,
2026-08-17T16:41:49.496Z,51148,notification-burst,2508,200,6.141,
2026-08-17T16:41:49.507Z,51159,notification-burst,2509,200,5.757,
2026-08-17T16:41:49.518Z,51170,notification-burst,2510,200,5.723,
2026-08-17T16:41:49.534Z,51186,notification-burst,2511,200,6.902,
2026-08-17T16:41:49.537Z,51189,notification-burst,2512,200,5.922,
2026-08-17T16:41:49.553Z,51205,notification-burst,2513,200,5.893,
2026-08-17T16:41:49.562Z,51214,notification-burst,2514,200,6.211,
2026-08-17T16:41:49.578Z,51230,notification-burst,2515,200,6.018,
2026-08-17T16:41:49.587Z,51239,notification-burst,2516,200,5.833,
2026-08-17T16:41:49.595Z,51247,notification-burst,2517,200,6.453,
2026-08-17T16:41:49.606Z,51258,notification-burst,2518,200,6.629,
2026-08-17T16:41:49.620Z,51272,notification-burst,2519,200,6.037,
2026-08-17T16:41:49.629Z,51281,notification-burst,2520,200,5.972,
2026-08-17T16:41:49.646Z,51298,notification-burst,2521,200,7.110,
2026-08-17T16:41:49.653Z,51305,notification-burst,2522,200,5.753,
2026-08-17T16:41:49.661Z,51313,notification-burst,2523,200,5.364,
2026-08-17T16:41:49.674Z,51326,notification-burst,2524,200,6.875,
2026-08-17T16:41:49.685Z,51337,notification-burst,2525,200,6.560,
2026-08-17T16:41:49.697Z,51349,notification-burst,2526,200,5.909,
2026-08-17T16:41:49.714Z,51366,notification-burst,2527,200,6.808,
2026-08-17T16:41:49.720Z,51372,notification-burst,2528,200,5.994,
2026-08-17T16:41:49.734Z,51386,notification-burst,2529,200,5.992,
2026-08-17T16:41:49.746Z,51398,notification-burst,2530,200,5.657,
2026-08-17T16:41:49.756Z,51408,notification-burst,2531,200,5.501,
2026-08-17T16:41:49.768Z,51420,notification-burst,2532,200,6.072,
2026-08-17T16:41:49.780Z,51432,notification-burst,2533,200,6.010,
2026-08-17T16:41:49.788Z,51440,notification-burst,2534,200,7.645,
2026-08-17T16:41:49.802Z,51454,notification-burst,2535,200,6.152,
2026-08-17T16:41:49.806Z,51458,notification-burst,2536,200,6.086,
2026-08-17T16:41:49.824Z,51476,notification-burst,2537,200,6.492,
2026-08-17T16:41:49.832Z,51484,notification-burst,2538,200,6.098,
2026-08-17T16:41:49.841Z,51493,notification-burst,2539,200,5.807,
2026-08-17T16:41:49.854Z,51506,notification-burst,2540,200,7.802,
2026-08-17T16:41:49.862Z,51514,notification-burst,2541,200,5.377,
2026-08-17T16:41:49.875Z,51527,notification-burst,2542,200,6.055,
2026-08-17T16:41:49.891Z,51543,notification-burst,2543,200,6.091,
2026-08-17T16:41:49.901Z,51553,notification-burst,2544,200,5.953,
2026-08-17T16:41:49.909Z,51561,notification-burst,2545,200,6.437,
2026-08-17T16:41:49.923Z,51575,notification-burst,2546,200,6.090,
2026-08-17T16:41:49.929Z,51581,notification-burst,2547,200,6.210,
2026-08-17T16:41:49.938Z,51590,notification-burst,2548,200,6.282,
2026-08-17T16:41:49.955Z,51607,notification-burst,2549,200,6.683,
2026-08-17T16:41:49.961Z,51613,notification-burst,2550,200,5.389,
2026-08-17T16:41:49.972Z,51624,notification-burst,2551,200,5.319,
2026-08-17T16:41:49.983Z,51635,notification-burst,2552,200,5.360,
2026-08-17T16:41:50.002Z,51654,notification-burst,2553,200,10.147,
2026-08-17T16:41:50.011Z,51663,notification-burst,2554,200,7.097,
2026-08-17T16:41:50.018Z,51670,notification-burst,2555,200,6.285,
2026-08-17T16:41:50.030Z,51682,notification-burst,2556,200,7.815,
2026-08-17T16:41:50.041Z,51693,notification-burst,2557,200,10.023,
2026-08-17T16:41:50.055Z,51707,notification-burst,2558,200,6.046,
2026-08-17T16:41:50.066Z,51718,notification-burst,2559,200,5.821,
2026-08-17T16:41:50.076Z,51728,notification-burst,2560,200,5.618,
2026-08-17T16:41:50.092Z,51744,notification-burst,2561,200,7.931,
2026-08-17T16:41:50.100Z,51752,notification-burst,2562,200,6.099,
2026-08-17T16:41:50.109Z,51761,notification-burst,2563,200,5.582,
2026-08-17T16:41:50.124Z,51776,notification-burst,2564,200,6.411,
2026-08-17T16:41:50.127Z,51779,notification-burst,2565,200,5.874,
2026-08-17T16:41:50.146Z,51798,notification-burst,2566,200,6.849,
2026-08-17T16:41:50.150Z,51802,notification-burst,2567,200,6.233,
2026-08-17T16:41:50.164Z,51816,notification-burst,2568,200,6.680,
2026-08-17T16:41:50.177Z,51829,notification-burst,2569,200,5.907,
2026-08-17T16:41:50.188Z,51840,notification-burst,2570,200,5.671,
2026-08-17T16:41:50.196Z,51848,notification-burst,2571,200,6.453,
2026-08-17T16:41:50.207Z,51859,notification-burst,2572,200,5.713,
2026-08-17T16:41:50.218Z,51870,notification-burst,2573,200,6.498,
2026-08-17T16:41:50.235Z,51887,notification-burst,2574,200,6.530,
2026-08-17T16:41:50.242Z,51894,notification-burst,2575,200,5.837,
2026-08-17T16:41:50.253Z,51905,notification-burst,2576,200,5.831,
2026-08-17T16:41:50.267Z,51919,notification-burst,2577,200,6.148,
2026-08-17T16:41:50.273Z,51925,notification-burst,2578,200,5.644,
2026-08-17T16:41:50.285Z,51937,notification-burst,2579,200,5.634,
2026-08-17T16:41:50.297Z,51949,notification-burst,2580,200,5.611,
2026-08-17T16:41:50.312Z,51964,notification-burst,2581,200,6.078,
2026-08-17T16:41:50.323Z,51975,notification-burst,2582,200,5.974,
2026-08-17T16:41:50.326Z,51978,notification-burst,2583,200,5.647,
2026-08-17T16:41:50.343Z,51995,notification-burst,2584,200,7.826,
2026-08-17T16:41:50.357Z,52009,steady,2585,200,7.663,
2026-08-17T16:41:50.398Z,52050,steady,2586,200,7.389,
2026-08-17T16:41:50.408Z,52060,steady,2587,200,5.893,
2026-08-17T16:41:50.437Z,52089,steady,2588,200,8.842,
2026-08-17T16:41:50.487Z,52139,steady,2589,200,8.571,
2026-08-17T16:41:50.510Z,52162,steady,2590,200,8.288,
2026-08-17T16:41:50.543Z,52195,steady,2591,200,8.019,
2026-08-17T16:41:50.565Z,52217,steady,2592,200,8.097,
2026-08-17T16:41:50.594Z,52246,steady,2593,200,7.184,
2026-08-17T16:41:50.609Z,52261,steady,2594,200,6.907,
2026-08-17T16:41:50.642Z,52294,steady,2595,200,6.794,
2026-08-17T16:41:50.688Z,52340,steady,2596,200,7.179,
2026-08-17T16:41:50.708Z,52360,steady,2597,200,7.433,
2026-08-17T16:41:50.737Z,52389,steady,2598,200,8.238,
2026-08-17T16:41:50.763Z,52415,steady,2599,200,10.237,
2026-08-17T16:41:50.795Z,52447,steady,2600,200,8.516,
2026-08-17T16:41:50.827Z,52479,steady,2601,200,8.806,
2026-08-17T16:41:50.850Z,52502,steady,2602,200,9.020,
2026-08-17T16:41:50.886Z,52538,steady,2603,200,9.233,
2026-08-17T16:41:50.912Z,52564,steady,2604,200,8.122,
2026-08-17T16:41:50.933Z,52585,steady,2605,200,7.446,
2026-08-17T16:41:50.961Z,52613,steady,2606,200,7.533,
2026-08-17T16:41:51.000Z,52652,steady,2607,200,7.964,
2026-08-17T16:41:51.028Z,52680,steady,2608,200,8.110,
2026-08-17T16:41:51.057Z,52709,steady,2609,200,7.357,
2026-08-17T16:41:51.065Z,52717,steady,2610,200,7.127,
2026-08-17T16:41:51.099Z,52751,steady,2611,200,8.592,
2026-08-17T16:41:51.124Z,52776,steady,2612,200,9.720,
2026-08-17T16:41:51.168Z,52820,steady,2613,200,7.684,
2026-08-17T16:41:51.203Z,52855,steady,2614,200,9.502,
2026-08-17T16:41:51.216Z,52868,steady,2615,200,8.043,
2026-08-17T16:41:51.255Z,52907,steady,2616,200,8.729,
2026-08-17T16:41:51.275Z,52927,steady,2617,200,7.179,
2026-08-17T16:41:51.299Z,52951,steady,2618,200,7.531,
2026-08-17T16:41:51.346Z,52998,steady,2619,200,7.589,
2026-08-17T16:41:51.358Z,53010,steady,2620,200,7.662,
2026-08-17T16:41:51.399Z,53051,steady,2621,200,7.452,
2026-08-17T16:41:51.420Z,53072,steady,2622,200,7.573,
2026-08-17T16:41:51.442Z,53094,steady,2623,200,11.410,
2026-08-17T16:41:51.478Z,53130,steady,2624,200,7.280,
2026-08-17T16:41:51.513Z,53165,steady,2625,200,8.115,
2026-08-17T16:41:51.539Z,53191,steady,2626,200,16.155,
2026-08-17T16:41:51.554Z,53206,steady,2627,200,9.954,
2026-08-17T16:41:51.592Z,53244,steady,2628,200,7.581,
2026-08-17T16:41:51.613Z,53265,steady,2629,200,8.368,
2026-08-17T16:41:51.639Z,53291,steady,2630,200,7.516,
2026-08-17T16:41:51.680Z,53332,steady,2631,200,8.985,
2026-08-17T16:41:51.708Z,53360,steady,2632,200,7.703,
2026-08-17T16:41:51.723Z,53375,steady,2633,200,7.681,
2026-08-17T16:41:51.770Z,53422,steady,2634,200,11.191,
2026-08-17T16:41:51.802Z,53454,steady,2635,200,8.851,
2026-08-17T16:41:51.830Z,53482,steady,2636,200,8.308,
2026-08-17T16:41:51.849Z,53501,steady,2637,200,8.103,
2026-08-17T16:41:51.872Z,53524,steady,2638,200,6.617,
2026-08-17T16:41:51.894Z,53546,steady,2639,200,8.013,
2026-08-17T16:41:51.936Z,53588,steady,2640,200,9.079,
2026-08-17T16:41:51.958Z,53610,steady,2641,200,8.457,
2026-08-17T16:41:51.994Z,53646,steady,2642,200,7.226,
2026-08-17T16:41:52.014Z,53666,steady,2643,200,7.678,
2026-08-17T16:41:52.043Z,53695,steady,2644,200,7.015,
2026-08-17T16:41:52.076Z,53728,steady,2645,200,7.198,
2026-08-17T16:41:52.105Z,53757,steady,2646,200,8.106,
2026-08-17T16:41:52.129Z,53781,steady,2647,200,7.269,
2026-08-17T16:41:52.166Z,53818,steady,2648,200,7.622,
2026-08-17T16:41:52.187Z,53839,steady,2649,200,7.407,
2026-08-17T16:41:52.223Z,53875,steady,2650,200,7.245,
2026-08-17T16:41:52.245Z,53897,steady,2651,200,7.984,
2026-08-17T16:41:52.285Z,53937,steady,2652,200,8.162,
2026-08-17T16:41:52.303Z,53955,steady,2653,200,7.478,
2026-08-17T16:41:52.324Z,53976,steady,2654,200,8.503,
2026-08-17T16:41:52.361Z,54013,steady,2655,200,7.399,
2026-08-17T16:41:52.399Z,54051,steady,2656,200,7.501,
2026-08-17T16:41:52.421Z,54073,steady,2657,200,7.758,
2026-08-17T16:41:52.449Z,54101,steady,2658,200,9.599,
2026-08-17T16:41:52.469Z,54121,steady,2659,200,8.948,
2026-08-17T16:41:52.506Z,54158,steady,2660,200,7.104,
2026-08-17T16:41:52.526Z,54178,steady,2661,200,6.633,
2026-08-17T16:41:52.560Z,54212,steady,2662,200,8.148,
2026-08-17T16:41:52.598Z,54250,steady,2663,200,6.359,
2026-08-17T16:41:52.614Z,54266,steady,2664,200,7.417,
2026-08-17T16:41:52.651Z,54303,steady,2665,200,7.031,
2026-08-17T16:41:52.671Z,54323,steady,2666,200,7.726,
2026-08-17T16:41:52.708Z,54360,steady,2667,200,7.595,
2026-08-17T16:41:52.735Z,54387,steady,2668,200,8.542,
2026-08-17T16:41:52.772Z,54424,steady,2669,200,9.205,
2026-08-17T16:41:52.793Z,54445,steady,2670,200,6.890,
2026-08-17T16:41:52.827Z,54479,steady,2671,200,7.103,
2026-08-17T16:41:52.854Z,54506,steady,2672,200,7.174,
2026-08-17T16:41:52.876Z,54528,steady,2673,200,6.923,
2026-08-17T16:41:52.909Z,54561,steady,2674,200,7.913,
2026-08-17T16:41:52.943Z,54595,steady,2675,200,8.515,
2026-08-17T16:41:52.954Z,54606,steady,2676,200,7.411,
2026-08-17T16:41:52.980Z,54632,steady,2677,200,7.620,
2026-08-17T16:41:53.010Z,54662,steady,2678,200,7.455,
2026-08-17T16:41:53.047Z,54699,steady,2679,200,7.193,
2026-08-17T16:41:53.066Z,54718,steady,2680,200,7.886,
2026-08-17T16:41:53.093Z,54745,steady,2681,200,9.948,
2026-08-17T16:41:53.123Z,54775,steady,2682,200,9.130,
2026-08-17T16:41:53.171Z,54823,steady,2683,200,9.758,
2026-08-17T16:41:53.200Z,54852,steady,2684,200,7.874,
2026-08-17T16:41:53.231Z,54883,steady,2685,200,7.716,
2026-08-17T16:41:53.241Z,54893,steady,2686,200,6.627,
2026-08-17T16:41:53.285Z,54937,steady,2687,200,9.259,
2026-08-17T16:41:53.316Z,54968,steady,2688,200,7.184,
2026-08-17T16:41:53.331Z,54983,steady,2689,200,6.506,
2026-08-17T16:41:53.357Z,55009,steady,2690,200,7.932,
2026-08-17T16:41:53.393Z,55045,steady,2691,200,7.653,
2026-08-17T16:41:53.429Z,55081,steady,2692,200,6.481,
2026-08-17T16:41:53.446Z,55098,steady,2693,200,5.660,
2026-08-17T16:41:53.468Z,55120,steady,2694,200,7.069,
2026-08-17T16:41:53.502Z,55154,steady,2695,200,10.245,
2026-08-17T16:41:53.524Z,55176,steady,2696,200,7.881,
2026-08-17T16:41:53.567Z,55219,steady,2697,200,7.228,
2026-08-17T16:41:53.586Z,55238,steady,2698,200,10.809,
2026-08-17T16:41:53.622Z,55274,steady,2699,200,9.429,
2026-08-17T16:41:53.658Z,55310,steady,2700,200,8.691,
2026-08-17T16:41:53.673Z,55325,steady,2701,200,7.554,
2026-08-17T16:41:53.700Z,55352,steady,2702,200,8.166,
2026-08-17T16:41:53.738Z,55390,steady,2703,200,7.891,
2026-08-17T16:41:53.763Z,55415,steady,2704,200,9.645,
2026-08-17T16:41:53.790Z,55442,steady,2705,200,9.016,
2026-08-17T16:41:53.824Z,55476,steady,2706,200,9.140,
2026-08-17T16:41:53.846Z,55498,steady,2707,200,7.362,
2026-08-17T16:41:53.866Z,55518,steady,2708,200,7.305,
2026-08-17T16:41:53.914Z,55566,steady,2709,200,7.041,
2026-08-17T16:41:53.940Z,55592,steady,2710,200,8.188,
2026-08-17T16:41:53.963Z,55615,steady,2711,200,7.598,
2026-08-17T16:41:53.988Z,55640,steady,2712,200,8.315,
2026-08-17T16:41:54.018Z,55670,steady,2713,200,8.373,
2026-08-17T16:41:54.054Z,55706,steady,2714,200,12.387,
2026-08-17T16:41:54.083Z,55735,steady,2715,200,11.706,
2026-08-17T16:41:54.104Z,55756,steady,2716,200,9.337,
2026-08-17T16:41:54.126Z,55778,steady,2717,200,11.102,
2026-08-17T16:41:54.161Z,55813,steady,2718,200,8.973,
2026-08-17T16:41:54.197Z,55849,steady,2719,200,9.754,
2026-08-17T16:41:54.216Z,55868,steady,2720,200,9.020,
2026-08-17T16:41:54.244Z,55896,steady,2721,200,7.190,
2026-08-17T16:41:54.286Z,55938,steady,2722,200,10.273,
2026-08-17T16:41:54.308Z,55960,steady,2723,200,7.798,
2026-08-17T16:41:54.323Z,55975,steady,2724,200,7.600,
2026-08-17T16:41:54.366Z,56018,steady,2725,200,12.477,
2026-08-17T16:41:54.383Z,56035,steady,2726,200,9.825,
2026-08-17T16:41:54.431Z,56083,steady,2727,200,12.200,
2026-08-17T16:41:54.438Z,56090,steady,2728,200,11.143,
2026-08-17T16:41:54.474Z,56126,steady,2729,200,15.638,
2026-08-17T16:41:54.516Z,56168,steady,2730,200,12.122,
2026-08-17T16:41:54.523Z,56175,steady,2731,200,9.602,
2026-08-17T16:41:54.555Z,56207,steady,2732,200,11.998,
2026-08-17T16:41:54.599Z,56251,steady,2733,200,12.831,
2026-08-17T16:41:54.611Z,56263,steady,2734,200,14.630,
2026-08-17T16:41:54.638Z,56290,steady,2735,200,10.406,
2026-08-17T16:41:54.668Z,56320,steady,2736,200,10.657,
2026-08-17T16:41:54.707Z,56359,steady,2737,200,9.092,
2026-08-17T16:41:54.734Z,56386,steady,2738,200,13.291,
2026-08-17T16:41:54.759Z,56411,steady,2739,200,9.168,
2026-08-17T16:41:54.791Z,56443,steady,2740,200,8.535,
2026-08-17T16:41:54.816Z,56468,steady,2741,200,8.264,
2026-08-17T16:41:54.856Z,56508,steady,2742,200,9.871,
2026-08-17T16:41:54.880Z,56532,steady,2743,200,9.564,
2026-08-17T16:41:54.911Z,56563,steady,2744,200,8.894,
2026-08-17T16:41:54.931Z,56583,steady,2745,200,10.668,
2026-08-17T16:41:54.954Z,56606,steady,2746,200,8.422,
2026-08-17T16:41:54.999Z,56651,steady,2747,200,11.094,
2026-08-17T16:41:55.015Z,56667,steady,2748,200,13.086,
2026-08-17T16:41:55.049Z,56701,steady,2749,200,10.945,
2026-08-17T16:41:55.075Z,56727,steady,2750,200,10.457,
2026-08-17T16:41:55.096Z,56748,steady,2751,200,11.864,
2026-08-17T16:41:55.128Z,56780,steady,2752,200,10.024,
2026-08-17T16:41:55.165Z,56817,steady,2753,200,13.321,
2026-08-17T16:41:55.190Z,56842,steady,2754,200,8.232,
2026-08-17T16:41:55.216Z,56868,steady,2755,200,7.868,
2026-08-17T16:41:55.242Z,56894,steady,2756,200,7.305,
2026-08-17T16:41:55.271Z,56923,steady,2757,200,8.318,
2026-08-17T16:41:55.313Z,56965,steady,2758,200,8.237,
2026-08-17T16:41:55.337Z,56989,steady,2759,200,7.078,
2026-08-17T16:41:55.368Z,57020,steady,2760,200,7.872,
2026-08-17T16:41:55.396Z,57048,steady,2761,200,10.937,
2026-08-17T16:41:55.428Z,57080,steady,2762,200,10.137,
2026-08-17T16:41:55.457Z,57109,steady,2763,200,8.193,
2026-08-17T16:41:55.470Z,57122,steady,2764,200,6.968,
2026-08-17T16:41:55.512Z,57164,steady,2765,200,8.744,
2026-08-17T16:41:55.542Z,57194,steady,2766,200,7.837,
2026-08-17T16:41:55.572Z,57224,steady,2767,200,8.143,
2026-08-17T16:41:55.594Z,57246,steady,2768,200,9.891,
2026-08-17T16:41:55.627Z,57279,steady,2769,200,9.168,
2026-08-17T16:41:55.636Z,57288,steady,2770,200,7.522,
2026-08-17T16:41:55.669Z,57321,steady,2771,200,8.181,
2026-08-17T16:41:55.705Z,57357,steady,2772,200,8.950,
2026-08-17T16:41:55.727Z,57379,steady,2773,200,8.883,
2026-08-17T16:41:55.753Z,57405,steady,2774,200,7.903,
2026-08-17T16:41:55.784Z,57436,steady,2775,200,12.339,
2026-08-17T16:41:55.820Z,57472,steady,2776,200,8.297,
2026-08-17T16:41:55.851Z,57503,steady,2777,200,8.523,
2026-08-17T16:41:55.877Z,57529,steady,2778,200,9.020,
2026-08-17T16:41:55.898Z,57550,steady,2779,200,8.098,
2026-08-17T16:41:55.939Z,57591,steady,2780,200,9.764,
2026-08-17T16:41:55.950Z,57602,steady,2781,200,8.088,
2026-08-17T16:41:55.988Z,57640,steady,2782,200,7.248,
2026-08-17T16:41:56.018Z,57670,steady,2783,200,7.574,
2026-08-17T16:41:56.042Z,57694,steady,2784,200,7.393,
2026-08-17T16:41:56.073Z,57725,steady,2785,200,10.555,
2026-08-17T16:41:56.096Z,57748,steady,2786,200,6.849,
2026-08-17T16:41:56.144Z,57796,steady,2787,200,9.785,
2026-08-17T16:41:56.156Z,57808,steady,2788,200,13.331,
2026-08-17T16:41:56.178Z,57830,steady,2789,200,7.892,
2026-08-17T16:41:56.224Z,57876,steady,2790,200,7.852,
2026-08-17T16:41:56.249Z,57901,steady,2791,200,7.500,
2026-08-17T16:41:56.285Z,57937,steady,2792,200,8.621,
2026-08-17T16:41:56.309Z,57961,steady,2793,200,7.876,
2026-08-17T16:41:56.327Z,57979,steady,2794,200,7.000,
2026-08-17T16:41:56.355Z,58007,steady,2795,200,8.516,
2026-08-17T16:41:56.392Z,58044,steady,2796,200,8.184,
2026-08-17T16:41:56.408Z,58060,steady,2797,200,7.798,
2026-08-17T16:41:56.457Z,58109,steady,2798,200,7.730,
2026-08-17T16:41:56.468Z,58120,steady,2799,200,7.883,
2026-08-17T16:41:56.497Z,58149,steady,2800,200,8.770,
2026-08-17T16:41:56.524Z,58176,steady,2801,200,8.182,
2026-08-17T16:41:56.571Z,58223,steady,2802,200,11.732,
2026-08-17T16:41:56.584Z,58236,steady,2803,200,8.518,
2026-08-17T16:41:56.628Z,58280,steady,2804,200,7.279,
2026-08-17T16:41:56.657Z,58309,steady,2805,200,7.510,
2026-08-17T16:41:56.672Z,58324,steady,2806,200,8.223,
2026-08-17T16:41:56.707Z,58359,steady,2807,200,8.668,
2026-08-17T16:41:56.734Z,58386,steady,2808,200,9.234,
2026-08-17T16:41:56.764Z,58416,steady,2809,200,8.878,
2026-08-17T16:41:56.786Z,58438,steady,2810,200,10.155,
2026-08-17T16:41:56.823Z,58475,steady,2811,200,9.319,
2026-08-17T16:41:56.859Z,58511,steady,2812,200,8.019,
2026-08-17T16:41:56.876Z,58528,steady,2813,200,7.498,
2026-08-17T16:41:56.902Z,58554,steady,2814,200,7.162,
2026-08-17T16:41:56.930Z,58582,steady,2815,200,6.979,
2026-08-17T16:41:56.959Z,58611,steady,2816,200,7.853,
2026-08-17T16:41:56.999Z,58651,steady,2817,200,8.986,
2026-08-17T16:41:57.028Z,58680,steady,2818,200,8.648,
2026-08-17T16:41:57.053Z,58705,steady,2819,200,6.115,
2026-08-17T16:41:57.086Z,58738,steady,2820,200,8.357,
2026-08-17T16:41:57.103Z,58755,steady,2821,200,7.798,
2026-08-17T16:41:57.133Z,58785,steady,2822,200,7.645,
2026-08-17T16:41:57.157Z,58809,steady,2823,200,11.472,
2026-08-17T16:41:57.200Z,58852,steady,2824,200,8.389,
2026-08-17T16:41:57.226Z,58878,steady,2825,200,9.775,
2026-08-17T16:41:57.252Z,58904,steady,2826,200,7.815,
2026-08-17T16:41:57.284Z,58936,steady,2827,200,9.442,
2026-08-17T16:41:57.299Z,58951,steady,2828,200,8.839,
2026-08-17T16:41:57.335Z,58987,steady,2829,200,13.598,
2026-08-17T16:41:57.360Z,59012,steady,2830,200,11.608,
2026-08-17T16:41:57.385Z,59037,steady,2831,200,7.786,
2026-08-17T16:41:57.420Z,59072,steady,2832,200,7.504,
2026-08-17T16:41:57.438Z,59090,steady,2833,200,8.520,
2026-08-17T16:41:57.470Z,59122,steady,2834,200,7.877,
2026-08-17T16:41:57.518Z,59170,steady,2835,200,9.881,
2026-08-17T16:41:57.542Z,59194,steady,2836,200,8.711,
2026-08-17T16:41:57.565Z,59217,steady,2837,200,9.803,
2026-08-17T16:41:57.599Z,59251,steady,2838,200,8.725,
2026-08-17T16:41:57.626Z,59278,steady,2839,200,8.880,
2026-08-17T16:41:57.637Z,59289,steady,2840,200,8.549,
2026-08-17T16:41:57.684Z,59336,steady,2841,200,8.971,
2026-08-17T16:41:57.698Z,59350,steady,2842,200,7.159,
2026-08-17T16:41:57.733Z,59385,steady,2843,200,8.448,
2026-08-17T16:41:57.769Z,59421,steady,2844,200,9.145,
2026-08-17T16:41:57.781Z,59433,steady,2845,200,10.184,
2026-08-17T16:41:57.817Z,59469,steady,2846,200,9.048,
2026-08-17T16:41:57.838Z,59490,steady,2847,200,8.590,
2026-08-17T16:41:57.887Z,59539,steady,2848,200,10.832,
2026-08-17T16:41:57.902Z,59554,steady,2849,200,8.969,
2026-08-17T16:41:57.924Z,59576,steady,2850,200,8.078,
2026-08-17T16:41:57.969Z,59621,steady,2851,200,8.427,
2026-08-17T16:41:57.985Z,59637,steady,2852,200,7.663,
2026-08-17T16:41:58.027Z,59679,steady,2853,200,8.316,
2026-08-17T16:41:58.048Z,59700,steady,2854,200,7.402,
2026-08-17T16:41:58.069Z,59721,steady,2855,200,9.907,
2026-08-17T16:41:58.106Z,59758,steady,2856,200,9.114,
2026-08-17T16:41:58.143Z,59795,steady,2857,200,9.700,
2026-08-17T16:41:58.167Z,59819,steady,2858,200,7.270,
2026-08-17T16:41:58.181Z,59833,steady,2859,200,7.841,
2026-08-17T16:41:58.216Z,59868,steady,2860,200,8.161,
2026-08-17T16:41:58.253Z,59905,steady,2861,200,8.659,
2026-08-17T16:41:58.280Z,59932,steady,2862,200,8.321,
2026-08-17T16:41:58.311Z,59963,steady,2863,200,7.879,
2026-08-17T16:41:58.345Z,59997,steady,2864,200,8.255,
